model	rmsd_full	rmsd_framework	rmsd_h1	rmsd_h2	rmsd_h3	rmsd_l1	rmsd_l2	rmsd_l3
7bnv_62_0	0.724	0.370	0.411	0.300	4.145	2.247	0.262	0.956
7bnv_50_2	0.693	0.384	0.437	0.334	5.410	2.238	0.281	0.543
7bnv_34_1	0.708	0.355	0.442	0.359	2.941	2.308	0.348	0.731
7bnv_80_2	0.765	0.457	0.428	0.267	4.381	2.223	0.264	0.643
7bnv_98_3	0.699	0.373	0.426	0.234	6.739	2.231	0.274	0.700
7bnv_65_3	0.706	0.391	0.367	0.371	4.074	2.236	0.369	0.857
7bnv_98_4	0.709	0.365	0.388	0.297	5.355	2.218	0.174	0.713
7bnv_65_4	0.695	0.330	0.382	0.345	2.722	2.243	0.204	0.658
7bnv_33_2	0.703	0.346	0.399	0.251	4.510	2.254	0.247	0.783
7bnv_46_2	0.726	0.387	0.367	0.310	4.385	2.267	0.297	0.731
7bnv_52_3	0.715	0.404	0.415	0.298	8.054	2.225	0.212	0.703
7bnv_52_4	0.717	0.371	0.344	0.299	8.040	2.225	0.328	0.682
7bnv_63_0	0.702	0.406	0.478	0.214	3.981	2.211	0.210	0.731
7bnv_39_1	1.023	0.387	0.474	0.430	8.425	2.259	0.279	2.486
7bnv_13_2	0.735	0.348	0.463	0.226	4.067	2.291	0.261	1.005
7bnv_18_1	0.748	0.371	0.420	0.274	7.918	2.195	0.174	1.025
7bnv_6_2	0.737	0.468	0.505	0.278	7.014	2.241	0.195	0.743
7bnv_54_0	0.695	0.503	0.598	0.276	4.401	2.173	0.179	0.457
7bnv_66_2	0.736	0.424	0.515	0.489	6.514	2.313	0.446	0.752
7bnv_75_0	0.694	0.357	0.464	0.201	5.327	2.193	0.155	0.734
7bnv_28_2	0.757	0.407	0.450	0.394	7.930	2.331	0.329	1.042
7bnv_37_0	0.710	0.385	0.481	0.386	3.033	2.250	0.345	0.879
7bnv_97_2	0.701	0.361	0.461	0.392	4.216	2.235	0.252	0.673
7bnv_52_2	0.708	0.410	0.453	0.358	3.166	2.223	0.198	0.760
7bnv_46_3	0.668	0.425	0.602	0.456	5.282	2.310	0.383	0.415
7bnv_46_4	0.707	0.392	0.451	0.378	3.772	2.261	0.324	0.640
7bnv_33_3	0.699	0.374	0.437	0.355	3.736	2.243	0.218	0.746
7bnv_80_4	0.710	0.351	0.359	0.240	2.581	2.222	0.220	0.710
7bnv_80_3	0.680	0.359	0.413	0.212	3.865	2.238	0.221	0.524
7bnv_65_2	0.705	0.374	0.529	0.436	2.492	2.324	0.371	0.785
7bnv_98_2	0.701	0.431	0.470	0.400	4.373	2.280	0.325	0.729
7bnv_33_4	0.752	0.434	0.516	0.464	2.696	2.282	0.314	0.878
7bnv_50_4	0.710	0.457	0.538	0.365	8.505	2.320	0.339	0.590
7bnv_34_0	0.743	0.337	0.451	0.330	4.830	2.265	0.228	1.124
7bnv_62_1	0.730	0.362	0.478	0.354	4.423	2.241	0.214	1.042
7bnv_50_3	0.734	0.429	0.481	0.372	3.524	2.248	0.224	0.721
7bnv_37_1	0.671	0.364	0.392	0.289	5.813	2.192	0.249	0.574
7bnv_97_3	0.736	0.456	0.637	0.478	6.209	2.343	0.420	0.653
7bnv_97_4	0.724	0.351	0.440	0.210	5.658	2.188	0.180	1.003
7bnv_75_1	0.704	0.338	0.345	0.243	6.440	2.206	0.173	0.786
7bnv_28_3	0.751	0.393	0.447	0.418	5.482	2.274	0.328	1.120
7bnv_66_4	0.694	0.402	0.495	0.213	3.486	2.229	0.207	0.434
7bnv_54_1	0.765	0.412	0.438	0.405	8.282	2.319	0.387	0.965
7bnv_66_3	0.736	0.380	0.448	0.384	5.989	2.260	0.334	0.970
7bnv_28_4	0.724	0.522	0.609	0.526	5.810	2.325	0.434	0.401
7bnv_18_0	0.714	0.465	0.472	0.283	7.585	2.265	0.241	0.590
7bnv_13_4	0.723	0.340	0.332	0.216	4.802	2.206	0.225	0.904
7bnv_6_3	0.713	0.375	0.388	0.259	6.679	2.210	0.179	0.705
7bnv_6_4	0.695	0.454	0.543	0.275	9.393	2.168	0.217	0.585
7bnv_39_0	0.723	0.374	0.393	0.278	4.938	2.283	0.317	0.822
7bnv_13_3	0.687	0.388	0.393	0.283	2.801	2.268	0.255	0.424
7bnv_63_1	0.765	0.436	0.366	0.281	4.839	2.164	0.249	1.083
7bnv_37_2	0.782	0.449	0.457	0.382	2.462	2.215	0.342	0.836
7bnv_97_0	0.702	0.356	0.416	0.320	4.878	2.156	0.223	0.746
7bnv_54_2	0.754	0.391	0.458	0.415	6.271	2.265	0.336	0.990
7bnv_66_0	0.725	0.440	0.614	0.377	6.243	2.279	0.265	0.724
7bnv_75_2	0.714	0.394	0.460	0.265	4.135	2.222	0.206	0.776
7bnv_28_0	0.704	0.467	0.598	0.625	4.788	2.380	0.549	0.521
7bnv_39_3	0.697	0.348	0.440	0.284	5.760	2.214	0.181	0.736
7bnv_18_4	0.675	0.368	0.360	0.302	2.535	2.208	0.247	0.404
7bnv_13_0	0.698	0.379	0.433	0.329	6.745	2.272	0.275	0.383
7bnv_18_3	0.685	0.353	0.406	0.271	6.667	2.192	0.215	0.712
7bnv_6_0	0.676	0.485	0.459	0.533	6.834	2.181	0.317	0.487
7bnv_39_4	0.673	0.397	0.417	0.246	4.765	2.173	0.188	0.417
7bnv_63_2	0.751	0.373	0.513	0.342	9.290	2.180	0.265	1.154
7bnv_52_1	0.716	0.393	0.406	0.231	4.421	2.203	0.167	0.737
7bnv_46_0	0.721	0.364	0.390	0.288	2.755	2.260	0.209	0.700
7bnv_80_0	0.739	0.392	0.412	0.432	2.633	2.223	0.363	0.851
7bnv_98_1	0.689	0.379	0.429	0.389	4.415	2.246	0.283	0.698
7bnv_65_1	0.731	0.401	0.404	0.264	2.317	2.230	0.205	0.744
7bnv_33_0	0.708	0.406	0.492	0.165	5.112	2.198	0.199	0.722
7bnv_62_2	0.681	0.366	0.425	0.184	3.084	2.222	0.241	0.384
7bnv_50_0	0.749	0.393	0.473	0.312	3.003	2.325	0.343	0.932
7bnv_34_4	0.810	0.447	0.506	0.434	8.474	2.374	0.442	1.201
7bnv_34_3	0.735	0.340	0.419	0.265	2.879	2.256	0.239	1.048
7bnv_63_4	0.679	0.401	0.488	0.317	5.820	2.216	0.285	0.687
7bnv_63_3	0.713	0.369	0.464	0.251	5.661	2.244	0.194	0.760
7bnv_18_2	0.462	0.369	0.436	0.356	7.416	0.483	0.142	0.759
7bnv_6_1	0.677	0.445	0.415	0.271	8.693	2.289	0.240	0.402
7bnv_39_2	0.736	0.418	0.546	0.432	5.861	2.322	0.313	0.928
7bnv_13_1	0.673	0.356	0.432	0.294	3.634	2.252	0.237	0.430
7bnv_75_3	0.712	0.393	0.437	0.300	5.184	2.220	0.239	0.765
7bnv_28_1	0.754	0.444	0.396	0.317	7.294	2.258	0.248	0.791
7bnv_54_4	0.757	0.388	0.440	0.245	4.813	2.221	0.204	1.058
7bnv_54_3	0.712	0.365	0.375	0.198	4.068	2.206	0.230	0.889
7bnv_66_1	0.702	0.421	0.541	0.446	2.581	2.310	0.408	0.395
7bnv_75_4	0.729	0.352	0.375	0.197	2.239	2.234	0.198	0.908
7bnv_37_3	0.724	0.319	0.394	0.312	5.031	2.192	0.237	1.093
7bnv_97_1	0.706	0.360	0.496	0.379	3.049	2.258	0.273	0.769
7bnv_37_4	1.141	0.397	0.567	0.470	8.226	2.427	0.299	3.006
7bnv_62_4	0.693	0.367	0.608	0.341	5.031	2.294	0.250	0.750
7bnv_34_2	0.693	0.347	0.404	0.347	4.001	2.304	0.345	0.468
7bnv_62_3	0.754	0.419	0.442	0.220	3.761	2.179	0.229	1.039
7bnv_50_1	0.965	0.454	0.621	0.517	5.578	2.368	0.433	2.178
7bnv_33_1	0.732	0.377	0.384	0.294	5.281	2.224	0.253	0.979
7bnv_80_1	0.721	0.404	0.472	0.360	3.103	2.290	0.361	0.643
7bnv_65_0	0.735	0.382	0.411	0.283	7.526	2.225	0.206	0.827
7bnv_98_0	0.697	0.356	0.350	0.288	2.673	2.255	0.222	0.407
7bnv_46_1	0.737	0.351	0.457	0.394	3.570	2.268	0.203	0.944
7bnv_52_0	0.696	0.402	0.467	0.379	4.978	2.211	0.283	0.780
7dk2_97_4	0.570	1.315	2.055	1.104	5.387	0.608	0.590	0.523
7dk2_37_1	0.456	1.114	1.765	0.681	4.835	0.387	0.471	0.410
7dk2_97_3	0.535	1.196	0.753	0.372	8.568	0.991	0.995	0.498
7dk2_28_4	0.515	1.315	1.211	0.578	7.740	0.223	0.305	0.551
7dk2_54_1	0.545	1.213	1.651	0.501	7.366	0.517	0.377	0.698
7dk2_66_3	0.469	1.205	0.503	0.603	7.986	0.899	1.080	0.484
7dk2_66_4	0.479	1.263	1.158	0.475	8.412	1.050	1.003	0.560
7dk2_75_1	0.597	1.212	1.081	0.648	8.045	0.439	0.701	0.408
7dk2_28_3	0.462	0.750	1.009	0.540	0.728	0.251	0.414	0.630
7dk2_13_3	0.469	1.112	0.673	0.498	7.607	0.818	0.889	0.567
7dk2_39_0	0.468	1.146	0.664	0.485	7.812	0.753	0.959	0.447
7dk2_18_0	0.475	1.078	0.717	0.281	6.790	0.673	0.822	0.446
7dk2_13_4	0.473	1.121	1.257	0.822	7.178	0.329	0.503	0.453
7dk2_63_1	0.527	1.215	0.855	0.432	8.531	0.678	0.685	0.465
7dk2_52_2	0.681	1.255	1.005	0.367	8.369	1.040	0.821	0.602
7dk2_46_4	0.538	1.228	1.259	0.315	8.163	0.640	0.542	0.535
7dk2_46_3	0.514	1.258	0.707	0.460	7.319	0.748	0.833	0.422
7dk2_65_2	0.490	1.163	0.904	0.634	7.735	0.725	0.976	0.467
7dk2_98_2	0.553	1.239	1.348	0.523	8.529	0.505	0.494	0.462
7dk2_33_4	0.477	0.811	1.574	0.606	0.908	0.390	0.377	0.851
7dk2_80_3	0.522	1.481	1.283	0.860	9.312	1.851	1.503	0.888
7dk2_80_4	0.581	1.231	1.047	0.359	8.327	0.798	0.620	0.537
7dk2_33_3	0.495	1.272	1.402	0.566	8.765	0.595	0.440	0.735
7dk2_62_1	0.461	1.090	0.745	0.365	7.571	0.800	0.847	0.576
7dk2_50_3	0.468	1.207	0.977	0.432	8.322	0.670	0.758	0.449
7dk2_50_4	0.506	1.124	0.672	0.596	7.911	0.952	0.770	0.706
7dk2_6_2	0.456	1.152	0.761	0.519	7.859	0.730	0.677	0.538
7dk2_34_0	0.595	1.158	0.600	0.363	7.651	0.878	0.938	0.587
7dk2_63_0	0.495	1.176	1.069	0.680	7.888	0.592	0.673	0.445
7dk2_18_1	0.467	1.163	0.940	0.512	8.121	0.594	0.685	0.477
7dk2_13_2	0.583	1.189	0.696	0.241	7.452	0.846	0.879	0.508
7dk2_39_1	0.584	1.198	0.756	0.335	8.061	0.967	1.098	0.566
7dk2_75_0	0.505	1.279	0.861	0.762	8.697	1.408	1.301	0.693
7dk2_28_2	0.451	0.785	1.369	0.657	0.591	0.345	0.533	0.623
7dk2_54_0	0.585	1.186	0.808	0.393	7.784	0.718	0.923	0.445
7dk2_66_2	0.485	1.130	1.090	0.366	7.735	0.958	0.851	0.555
7dk2_37_0	0.488	1.234	0.616	0.414	8.602	1.066	1.136	0.474
7dk2_97_2	0.539	1.204	0.939	0.279	8.139	0.663	0.869	0.435
7dk2_6_3	0.478	1.124	0.872	0.473	7.786	0.751	0.889	0.496
7dk2_34_1	0.505	1.164	0.550	0.520	7.683	1.026	1.099	0.545
7dk2_62_0	0.602	1.078	0.639	0.551	6.733	0.678	0.939	0.463
7dk2_50_2	0.461	1.173	0.803	0.410	8.085	0.775	0.780	0.598
7dk2_6_4	0.614	1.296	0.788	0.534	8.978	1.250	1.045	0.731
7dk2_98_4	0.487	1.161	0.762	0.491	7.782	0.686	1.020	0.435
7dk2_65_4	0.481	1.195	0.690	0.476	8.840	0.806	1.032	0.494
7dk2_33_2	0.459	0.783	1.144	0.443	0.967	0.221	0.289	0.630
7dk2_98_3	0.465	1.188	1.283	0.535	7.801	0.578	0.615	0.501
7dk2_65_3	0.634	1.333	0.800	0.330	7.461	1.108	1.119	0.672
7dk2_80_2	0.536	1.283	1.362	0.438	8.521	1.254	0.849	0.807
7dk2_46_2	0.477	1.141	1.410	0.560	7.044	0.529	0.571	0.448
7dk2_52_4	0.468	1.134	0.750	0.467	8.308	0.750	0.907	0.455
7dk2_52_3	0.558	1.246	0.732	0.280	6.086	0.762	0.851	0.420
7dk2_62_3	0.486	1.102	0.475	0.605	6.994	0.931	0.907	0.636
7dk2_50_1	0.478	1.122	0.780	0.602	6.986	0.955	0.945	0.593
7dk2_62_4	0.564	1.089	0.608	0.460	6.776	0.798	0.941	0.530
7dk2_6_0	0.483	1.205	0.942	0.287	8.279	0.887	0.774	0.570
7dk2_34_2	0.667	1.272	1.505	0.427	6.044	1.027	0.697	0.709
7dk2_65_0	0.505	1.184	0.701	0.477	8.442	1.059	0.946	0.607
7dk2_98_0	0.668	1.244	0.922	0.382	8.478	0.934	0.693	0.655
7dk2_80_1	0.521	1.066	1.528	0.759	6.531	0.260	0.390	0.597
7dk2_33_1	0.595	0.882	1.366	0.636	1.174	0.250	0.402	0.575
7dk2_46_1	0.464	1.227	1.122	0.331	8.299	0.927	0.850	0.637
7dk2_52_0	0.442	1.173	0.606	0.661	8.462	0.626	0.932	0.419
7dk2_63_3	0.516	1.208	0.895	0.498	8.015	1.145	0.922	0.806
7dk2_63_4	0.567	1.117	0.673	0.284	7.510	0.849	0.945	0.533
7dk2_13_1	0.472	1.072	0.790	0.481	7.735	0.880	0.871	0.649
7dk2_39_2	0.496	1.132	0.490	0.568	7.270	0.869	1.083	0.496
7dk2_18_2	0.451	1.217	0.852	0.395	8.349	0.896	0.797	0.556
7dk2_75_4	0.467	1.178	0.746	0.458	7.877	0.744	0.996	0.445
7dk2_54_3	0.462	1.092	0.585	0.386	7.671	0.750	0.793	0.447
7dk2_66_1	0.501	1.217	1.177	0.562	8.354	0.552	0.702	0.431
7dk2_54_4	0.462	1.325	0.665	0.519	7.516	1.161	1.256	0.575
7dk2_75_3	0.493	1.227	0.694	0.360	8.588	1.043	0.761	0.696
7dk2_28_1	0.445	0.767	1.278	0.621	0.592	0.326	0.502	0.687
7dk2_37_4	0.512	1.076	0.693	0.605	7.701	0.807	0.968	0.467
7dk2_37_3	0.439	1.127	1.094	0.675	6.619	0.412	0.685	0.458
7dk2_97_1	0.505	1.157	0.946	0.366	7.697	0.933	0.910	0.539
7dk2_52_1	0.512	1.091	0.864	0.563	6.936	0.654	0.690	0.458
7dk2_46_0	0.612	1.197	0.868	0.360	8.141	0.991	1.015	0.545
7dk2_33_0	0.577	1.063	1.495	0.506	1.444	0.398	0.448	0.845
7dk2_98_1	0.509	1.166	0.984	0.694	8.164	0.956	0.820	0.615
7dk2_65_1	0.485	1.128	0.555	0.500	7.354	0.916	1.065	0.478
7dk2_80_0	0.579	1.311	1.614	0.699	8.315	0.616	0.473	0.638
7dk2_6_1	0.468	1.155	1.644	0.802	6.771	0.454	0.510	0.514
7dk2_34_3	0.473	1.157	0.801	0.563	7.872	0.725	0.805	0.509
7dk2_62_2	0.482	1.119	1.158	0.667	7.091	0.587	0.749	0.524
7dk2_50_0	0.477	1.166	0.612	0.566	7.754	0.666	0.920	0.426
7dk2_34_4	0.569	1.206	0.847	0.372	8.058	0.790	0.853	0.565
7dk2_37_2	0.500	1.133	0.830	0.642	7.847	1.101	1.027	0.588
7dk2_97_0	0.512	1.154	0.718	0.450	7.344	0.928	0.848	0.521
7dk2_75_2	0.577	1.250	0.873	0.314	8.446	0.953	0.863	0.549
7dk2_28_0	0.452	0.715	1.015	0.453	0.684	0.234	0.381	0.699
7dk2_54_2	0.498	1.165	1.119	0.415	7.861	0.781	0.634	0.645
7dk2_66_0	0.512	1.133	0.667	0.497	7.407	0.760	1.039	0.429
7dk2_39_4	0.507	1.122	0.923	0.369	7.478	0.994	0.957	0.505
7dk2_18_3	0.561	1.123	0.610	0.569	7.338	1.088	0.976	0.599
7dk2_18_4	0.475	1.250	1.373	0.543	7.916	1.156	0.831	0.729
7dk2_13_0	0.457	1.049	1.121	0.337	6.561	0.518	0.558	0.497
7dk2_39_3	0.495	1.109	0.722	0.440	7.488	0.738	0.873	0.460
7dk2_63_2	0.463	1.211	1.379	0.631	7.842	0.452	0.564	0.533
7ps2_18_1	0.633	0.421	0.423	0.495	4.389	0.879	0.230	1.671
7ps2_39_1	0.742	0.428	0.301	0.691	6.501	0.618	0.151	2.307
7ps2_13_2	0.866	0.512	0.443	1.106	6.679	0.891	0.280	2.692
7ps2_63_0	0.744	0.460	0.342	0.884	5.335	0.640	0.210	2.226
7ps2_97_2	0.781	0.480	0.288	1.425	5.897	0.828	0.257	2.382
7ps2_37_0	0.774	0.473	0.248	1.008	3.687	0.834	0.182	2.280
7ps2_28_2	0.820	0.405	0.448	0.718	5.735	0.847	0.166	2.502
7ps2_75_0	0.854	0.418	0.453	0.587	7.640	1.087	0.255	2.514
7ps2_66_2	0.891	0.460	0.363	0.850	6.536	0.972	0.223	2.716
7ps2_54_0	0.846	0.447	0.321	1.009	6.607	0.657	0.147	2.659
7ps2_33_2	0.810	0.409	0.409	1.127	6.297	0.807	0.201	2.453
7ps2_98_4	0.868	0.510	0.437	1.106	5.697	0.964	0.258	2.486
7ps2_65_4	0.774	0.440	0.387	1.476	5.750	0.705	0.191	2.419
7ps2_80_2	0.739	0.414	0.319	1.119	6.601	0.815	0.192	2.228
7ps2_98_3	0.795	0.498	0.325	0.913	5.204	0.706	0.193	2.505
7ps2_65_3	0.872	0.521	0.517	1.546	3.986	0.999	0.323	2.587
7ps2_34_1	0.727	0.433	0.476	0.760	6.873	0.896	0.260	2.155
7ps2_50_2	0.799	0.466	0.398	0.981	6.712	0.762	0.214	2.443
7ps2_6_0	0.820	0.527	0.555	1.274	6.527	1.055	0.366	2.442
7ps2_62_0	0.862	0.564	0.743	1.005	6.462	1.216	0.471	2.451
7ps2_52_4	0.824	0.529	0.306	1.036	6.239	0.715	0.199	2.610
7ps2_52_3	0.772	0.502	0.379	1.035	6.241	0.723	0.202	2.330
7ps2_46_2	0.799	0.458	0.372	0.944	6.093	1.082	0.292	2.343
7ps2_66_3	0.778	0.501	0.421	0.946	6.882	0.852	0.231	2.413
7ps2_54_1	0.763	0.450	0.322	0.914	6.503	0.706	0.164	2.348
7ps2_28_4	0.739	0.610	0.464	0.953	4.237	0.680	0.177	2.199
7ps2_28_3	0.812	0.438	0.343	0.643	5.491	0.628	0.158	2.568
7ps2_75_1	0.794	0.436	0.362	0.969	6.384	0.851	0.240	2.355
7ps2_66_4	0.917	0.525	0.591	0.895	7.132	1.355	0.384	2.718
7ps2_97_4	0.813	0.434	0.379	0.813	6.324	0.869	0.217	2.487
7ps2_97_3	0.789	0.466	0.320	0.965	6.145	0.629	0.138	2.543
7ps2_37_1	0.796	0.519	0.311	1.075	4.727	0.948	0.273	2.361
7ps2_63_1	0.785	0.437	0.279	1.328	6.150	0.770	0.225	2.389
7ps2_39_0	0.737	0.425	0.349	0.744	6.415	0.741	0.216	2.195
7ps2_13_3	0.868	0.475	0.281	0.793	5.520	0.909	0.297	2.630
7ps2_13_4	0.783	0.454	0.345	0.918	6.452	0.773	0.214	2.415
7ps2_18_0	0.793	0.479	0.377	0.868	5.443	0.697	0.237	2.375
7ps2_46_4	0.783	0.435	0.308	0.991	6.561	0.642	0.163	2.316
7ps2_46_3	0.758	0.513	0.420	0.786	5.802	0.972	0.318	2.265
7ps2_52_2	0.786	0.600	0.322	1.092	6.869	0.977	0.316	2.353
7ps2_50_3	0.807	0.588	0.328	0.832	6.115	0.764	0.158	2.539
7ps2_6_1	0.728	0.581	0.402	1.102	6.859	0.935	0.295	2.155
7ps2_62_1	0.732	0.453	0.424	0.944	6.427	0.808	0.232	2.154
7ps2_34_0	0.756	0.472	0.454	0.944	6.504	1.019	0.261	2.179
7ps2_50_4	0.739	0.437	0.483	0.814	6.566	0.790	0.240	2.144
7ps2_80_3	0.804	0.462	0.435	0.943	6.477	0.945	0.272	2.387
7ps2_33_4	0.806	0.488	0.412	0.966	3.724	1.034	0.247	2.416
7ps2_65_2	0.791	0.504	0.446	1.129	5.656	0.946	0.325	2.347
7ps2_98_2	0.779	0.510	0.475	1.124	5.029	0.922	0.304	2.364
7ps2_33_3	0.831	0.510	0.310	0.908	6.886	0.699	0.273	2.494
7ps2_80_4	0.748	0.455	0.457	0.585	5.155	0.792	0.251	2.199
7ps2_46_0	0.798	0.422	0.445	0.894	5.966	0.985	0.273	2.381
7ps2_52_1	0.750	0.552	0.335	1.037	6.226	0.846	0.193	2.135
7ps2_34_3	0.788	0.428	0.307	1.058	6.393	0.575	0.144	2.432
7ps2_34_4	0.755	0.452	0.285	1.404	6.491	0.627	0.171	2.384
7ps2_50_0	0.782	0.446	0.306	0.914	4.223	0.583	0.157	2.376
7ps2_62_2	0.804	0.465	0.325	1.038	5.971	0.845	0.204	2.411
7ps2_6_2	0.810	0.425	0.339	1.036	6.156	0.805	0.270	2.441
7ps2_33_0	0.783	0.507	0.536	1.072	6.574	0.977	0.340	2.347
7ps2_80_0	0.841	0.469	0.444	0.811	6.473	0.972	0.311	2.493
7ps2_98_1	0.794	0.424	0.381	0.625	5.261	0.562	0.182	2.566
7ps2_65_1	0.760	0.479	0.355	1.544	6.257	0.752	0.162	2.328
7ps2_28_0	0.766	0.471	0.381	1.306	4.753	0.704	0.177	2.430
7ps2_75_2	0.795	0.456	0.411	1.104	5.720	1.085	0.293	2.296
7ps2_66_0	0.815	0.483	0.309	0.777	6.081	0.875	0.182	2.503
7ps2_54_2	0.798	0.482	0.312	0.774	6.481	0.742	0.229	2.493
7ps2_97_0	0.806	0.457	0.316	1.258	5.403	0.891	0.253	2.465
7ps2_37_2	0.775	0.488	0.431	0.958	5.287	0.888	0.263	2.309
7ps2_63_2	0.882	0.534	0.868	0.987	5.826	1.203	0.424	2.552
7ps2_18_3	0.848	0.571	0.303	0.988	5.957	0.862	0.243	2.623
7ps2_39_4	0.778	0.463	0.339	1.217	8.387	0.882	0.249	2.330
7ps2_39_3	0.775	0.471	0.666	0.865	6.323	1.013	0.327	2.265
7ps2_13_0	0.872	0.514	0.448	1.119	7.304	1.046	0.287	2.611
7ps2_18_4	0.772	0.456	0.295	0.769	5.954	0.776	0.217	2.290
7ps2_80_1	0.728	0.499	0.350	1.397	5.923	0.725	0.213	2.176
7ps2_65_0	0.737	0.456	0.417	0.883	6.631	0.979	0.286	2.116
7ps2_98_0	0.790	0.487	0.267	0.904	4.985	0.758	0.226	2.430
7ps2_33_1	0.737	0.457	0.342	1.410	5.547	0.997	0.280	2.121
7ps2_50_1	0.931	0.538	0.538	0.653	6.387	1.138	0.305	2.843
7ps2_62_3	0.814	0.472	0.549	1.411	6.216	0.962	0.313	2.367
7ps2_6_3	0.818	0.501	0.376	1.205	6.546	0.983	0.302	2.440
7ps2_34_2	0.783	0.499	0.344	1.161	4.935	0.687	0.209	2.398
7ps2_62_4	0.758	0.483	0.523	1.367	6.286	0.980	0.351	2.214
7ps2_6_4	0.774	0.471	0.567	0.993	4.599	0.738	0.258	2.242
7ps2_52_0	0.758	0.456	0.478	1.014	6.238	0.782	0.284	2.243
7ps2_46_1	0.772	0.537	0.321	0.790	6.115	0.827	0.273	2.267
7ps2_39_2	0.730	0.419	0.335	0.687	6.193	0.677	0.184	2.167
7ps2_13_1	0.841	0.561	0.523	0.771	6.277	0.892	0.423	2.531
7ps2_18_2	0.767	0.503	0.398	0.887	8.303	0.649	0.156	2.403
7ps2_63_3	0.724	0.447	0.457	0.962	6.887	0.872	0.279	2.115
7ps2_63_4	0.773	0.440	0.357	0.869	6.926	0.826	0.155	2.320
7ps2_37_4	0.733	0.500	0.540	0.859	6.609	0.971	0.362	2.081
7ps2_97_1	0.756	0.435	0.269	1.220	6.083	0.786	0.238	2.307
7ps2_37_3	0.781	0.483	0.420	0.823	6.682	0.838	0.249	2.390
7ps2_66_1	0.791	0.522	0.510	0.909	6.383	1.166	0.330	2.257
7ps2_54_3	0.810	0.476	0.563	0.856	6.619	1.089	0.358	2.354
7ps2_75_4	0.972	0.511	0.616	0.774	6.786	1.462	0.450	2.757
7ps2_28_1	0.745	0.467	0.521	0.941	4.236	0.859	0.266	2.092
7ps2_75_3	0.788	0.421	0.332	0.918	6.446	0.746	0.197	2.400
7ps2_54_4	0.775	0.591	0.445	1.043	5.239	1.048	0.311	2.283
7f7e_52_2	1.614	1.408	0.719	1.017	2.776	1.783	0.223	2.214
7f7e_46_3	1.607	1.355	0.412	1.050	2.469	1.812	0.408	2.134
7f7e_46_4	1.574	1.318	0.484	1.239	2.510	1.835	0.307	2.118
7f7e_80_4	1.610	1.348	0.583	1.498	2.938	2.041	0.449	1.864
7f7e_33_3	1.551	1.309	0.323	0.984	1.515	1.868	0.332	2.014
7f7e_33_4	1.496	1.229	0.440	1.152	2.759	2.081	0.498	1.896
7f7e_98_2	1.609	1.358	0.501	1.513	3.087	2.026	0.435	1.946
7f7e_65_2	1.562	1.319	0.609	1.067	2.632	2.230	0.814	1.927
7f7e_80_3	1.623	1.359	0.792	1.560	3.018	2.275	0.732	2.197
7f7e_6_2	1.567	1.339	0.581	1.487	2.981	2.077	0.491	2.055
7f7e_34_0	1.612	1.295	0.410	0.867	1.532	1.922	0.454	2.216
7f7e_50_4	1.575	1.334	0.484	1.320	2.783	2.129	0.550	1.942
7f7e_62_1	1.542	1.278	0.457	1.390	3.002	1.995	0.488	2.285
7f7e_50_3	1.635	1.357	0.444	1.433	2.774	2.032	0.507	2.129
7f7e_97_3	1.568	1.356	0.382	0.846	1.735	1.971	0.501	1.926
7f7e_37_1	1.552	1.391	0.598	1.416	2.707	2.260	0.655	1.914
7f7e_97_4	1.600	1.388	0.377	0.992	1.656	1.902	0.401	2.175
7f7e_66_4	1.529	1.319	0.842	1.590	3.147	2.351	0.786	1.970
7f7e_28_3	1.542	1.286	0.511	1.328	2.959	2.089	0.547	1.908
7f7e_75_1	1.587	1.450	0.688	1.094	3.017	1.807	0.251	2.266
7f7e_28_4	1.564	1.333	0.641	1.448	3.024	2.177	0.660	2.251
7f7e_54_1	1.587	1.389	0.610	1.327	3.018	2.197	0.633	2.459
7f7e_66_3	1.594	1.336	0.565	1.329	3.021	2.058	0.479	2.217
7f7e_18_0	1.662	1.432	0.635	1.565	3.035	2.051	0.575	1.946
7f7e_13_4	1.569	1.288	0.353	1.043	2.463	1.910	0.309	2.108
7f7e_13_3	1.592	1.272	0.319	0.921	2.317	1.833	0.432	2.261
7f7e_39_0	1.593	1.325	0.479	1.233	2.777	2.025	0.551	2.080
7f7e_63_1	1.517	1.307	0.726	1.560	2.940	2.224	0.695	1.774
7f7e_6_4	1.553	1.328	0.593	1.559	3.278	2.090	0.499	2.306
7f7e_62_0	1.584	1.312	0.421	1.291	2.845	1.959	0.473	2.324
7f7e_50_2	1.625	1.324	0.503	1.529	2.943	2.062	0.528	2.498
7f7e_6_3	1.554	1.371	0.587	1.616	3.151	2.027	0.525	2.379
7f7e_34_1	1.598	1.253	0.242	1.179	1.487	1.963	0.372	2.290
7f7e_65_3	1.577	1.350	0.555	1.091	2.787	1.939	0.481	2.041
7f7e_98_3	1.617	1.380	0.405	1.228	2.653	1.901	0.456	1.976
7f7e_80_2	1.534	1.294	0.543	1.444	3.036	2.108	0.531	2.185
7f7e_33_2	1.548	1.259	0.313	1.301	2.640	1.860	0.249	1.930
7f7e_65_4	1.657	1.411	0.941	1.475	2.996	2.393	0.819	2.112
7f7e_98_4	1.558	1.378	0.594	1.393	3.091	2.167	0.536	2.086
7f7e_46_2	1.568	1.308	0.392	1.053	2.386	1.914	0.363	2.108
7f7e_52_3	1.583	1.320	0.361	0.838	2.895	1.744	0.241	2.227
7f7e_52_4	1.587	1.356	0.541	0.976	3.138	1.809	0.265	2.195
7f7e_63_0	1.543	1.291	0.494	1.402	2.911	2.124	0.551	1.941
7f7e_13_2	1.569	1.293	0.481	0.968	1.823	2.020	0.451	2.095
7f7e_39_1	1.608	1.322	0.371	1.161	2.727	1.909	0.410	2.349
7f7e_18_1	1.621	1.313	0.712	1.147	2.036	2.186	0.769	2.255
7f7e_54_0	1.538	1.322	0.584	1.468	3.005	2.181	0.613	2.065
7f7e_66_2	1.549	1.288	0.438	1.363	2.822	1.924	0.352	1.970
7f7e_28_2	1.639	1.382	0.620	1.449	2.979	2.184	0.699	2.359
7f7e_75_0	1.581	1.280	0.296	0.785	3.126	1.805	0.295	2.160
7f7e_97_2	1.544	1.288	0.494	1.180	1.487	1.966	0.362	1.962
7f7e_37_0	1.544	1.261	0.428	1.311	2.871	2.149	0.595	2.033
7f7e_63_4	1.594	1.317	0.380	1.162	2.552	1.882	0.429	1.808
7f7e_63_3	1.538	1.325	0.460	1.282	2.866	2.053	0.554	1.758
7f7e_18_2	1.580	1.342	0.571	1.558	3.092	2.016	0.486	2.186
7f7e_13_1	1.600	1.350	0.492	1.198	2.647	1.994	0.409	2.046
7f7e_39_2	1.540	1.273	0.436	1.158	2.928	2.066	0.546	2.170
7f7e_54_4	1.546	1.311	0.545	1.363	2.823	2.305	0.731	2.005
7f7e_28_1	1.529	1.286	0.493	1.376	2.753	2.140	0.545	1.836
7f7e_75_3	1.580	1.345	0.665	1.059	3.129	1.759	0.205	2.236
7f7e_75_4	1.656	1.418	0.637	1.031	3.024	1.663	0.293	2.266
7f7e_54_3	1.532	1.319	0.589	1.617	2.935	2.275	0.692	2.031
7f7e_66_1	1.543	1.419	0.584	1.377	2.926	2.263	0.666	1.877
7f7e_97_1	1.574	1.295	0.448	0.881	2.766	1.964	0.471	1.985
7f7e_37_3	1.584	1.431	0.617	1.291	2.992	2.237	0.650	1.961
7f7e_37_4	1.647	1.375	0.478	0.842	2.431	1.963	0.491	2.103
7f7e_6_0	1.610	1.444	0.790	1.726	3.279	2.245	0.633	2.254
7f7e_34_2	1.565	1.330	0.566	1.269	1.324	2.176	0.515	2.075
7f7e_62_4	1.546	1.283	0.340	1.082	2.858	2.038	0.633	2.243
7f7e_62_3	1.611	1.306	0.418	1.264	2.746	2.074	0.552	2.088
7f7e_50_1	1.552	1.296	0.569	1.040	5.453	2.164	0.782	1.995
7f7e_33_1	1.772	1.431	0.527	1.083	2.421	1.902	0.526	2.483
7f7e_98_0	1.611	1.340	0.512	1.333	2.991	1.966	0.479	2.331
7f7e_65_0	1.565	1.302	0.321	0.991	1.429	1.912	0.499	1.945
7f7e_80_1	1.602	1.350	0.518	1.511	2.888	2.106	0.450	2.259
7f7e_46_1	1.582	1.349	0.356	1.087	2.435	1.943	0.436	2.054
7f7e_52_0	1.638	1.353	0.459	0.942	3.042	1.724	0.245	2.334
7f7e_97_0	1.584	1.357	0.757	1.480	2.822	2.184	0.558	2.125
7f7e_37_2	1.601	1.318	0.495	0.976	3.033	1.961	0.416	2.260
7f7e_54_2	1.554	1.367	0.709	1.415	3.046	2.159	0.595	2.150
7f7e_66_0	1.537	1.327	0.592	1.471	2.974	2.142	0.643	2.125
7f7e_28_0	1.576	1.296	0.286	1.087	2.840	1.875	0.343	2.046
7f7e_75_2	1.594	1.430	0.679	0.940	3.115	1.660	0.256	2.266
7f7e_18_4	1.592	1.366	0.713	1.594	3.064	2.097	0.526	2.698
7f7e_13_0	1.631	1.301	0.398	0.883	1.704	1.945	0.467	2.413
7f7e_39_3	1.579	1.333	0.481	1.240	2.776	2.015	0.431	2.134
7f7e_39_4	1.627	1.357	0.536	1.401	2.838	2.035	0.478	2.282
7f7e_18_3	1.552	1.319	0.708	1.489	3.221	2.217	0.657	2.184
7f7e_63_2	1.591	1.383	0.753	1.364	2.879	2.130	0.531	2.269
7f7e_52_1	1.584	1.355	0.525	0.929	3.025	1.713	0.245	2.221
7f7e_46_0	1.579	1.312	0.394	0.969	2.391	1.926	0.414	2.109
7f7e_65_1	1.549	1.288	0.559	1.036	2.884	2.114	0.590	1.888
7f7e_98_1	1.539	1.272	0.442	1.255	2.832	1.902	0.346	2.289
7f7e_80_0	1.618	1.409	0.854	1.729	2.979	2.295	0.730	2.183
7f7e_33_0	1.562	1.303	0.583	1.103	2.738	2.144	0.641	2.052
7f7e_34_4	1.582	1.302	0.472	1.264	1.266	1.900	0.347	2.092
7f7e_62_2	1.569	1.324	0.417	1.215	2.957	2.024	0.565	1.970
7f7e_50_0	1.572	1.309	0.397	1.277	2.748	2.058	0.516	1.997
7f7e_6_1	1.559	1.420	0.479	1.206	2.967	1.967	0.412	2.096
7f7e_34_3	1.602	1.316	0.376	0.824	1.033	1.667	0.325	2.164
7kql_63_2	0.613	0.733	1.213	1.877	4.889	0.801	0.465	0.682
7kql_18_4	0.579	0.704	1.227	1.888	5.232	0.794	0.485	0.600
7kql_13_0	0.730	0.636	1.120	1.841	3.535	2.205	0.612	0.527
7kql_6_1	0.588	0.617	1.022	1.572	2.351	0.604	0.385	0.508
7kql_39_3	0.528	0.549	0.995	1.921	4.654	0.551	0.269	0.416
7kql_39_4	0.551	0.695	1.286	1.868	4.872	0.839	0.527	0.694
7kql_18_3	0.562	0.634	1.335	1.486	4.661	0.829	0.448	0.505
7kql_54_2	0.550	0.780	1.462	1.844	3.487	1.146	0.738	0.734
7kql_66_0	0.646	0.473	1.257	1.491	3.139	2.217	0.394	0.368
7kql_75_2	0.575	0.740	1.141	1.800	4.657	0.719	0.476	0.472
7kql_28_0	0.613	0.848	1.343	2.139	4.516	1.258	0.719	0.898
7kql_37_2	0.593	0.754	1.336	1.716	2.636	1.127	0.639	0.742
7kql_97_0	0.554	0.648	1.206	2.043	2.761	0.833	0.428	0.619
7kql_62_2	0.573	0.641	1.149	1.464	4.656	0.867	0.460	0.466
7kql_50_0	0.758	0.648	1.171	1.621	4.076	2.166	0.685	0.480
7kql_34_4	0.736	0.766	1.243	2.037	3.632	2.161	0.716	0.793
7kql_34_3	0.550	0.667	1.193	1.776	3.273	0.919	0.474	0.537
7kql_65_1	0.544	0.616	0.979	1.861	3.342	0.643	0.346	0.412
7kql_98_1	0.588	0.599	1.062	1.659	3.066	0.587	0.303	0.464
7kql_80_0	0.592	0.623	1.257	1.672	4.760	0.646	0.377	0.456
7kql_33_0	0.541	0.694	1.289	2.040	3.706	0.980	0.501	0.773
7kql_46_0	0.601	0.769	1.335	1.860	3.455	1.007	0.598	0.728
7kql_52_1	0.574	0.764	1.222	1.851	3.385	1.110	0.666	0.818
7kql_37_3	0.565	0.661	1.267	1.592	4.708	0.860	0.432	0.607
7kql_97_1	0.421	0.608	1.373	1.999	4.480	0.872	0.399	0.607
7kql_37_4	0.573	0.629	1.122	1.649	4.836	0.741	0.440	0.521
7kql_54_4	0.507	0.678	1.308	1.346	4.287	0.727	0.379	0.442
7kql_75_3	0.599	0.650	1.079	1.457	4.759	0.750	0.397	0.487
7kql_28_1	0.581	0.644	1.156	1.824	4.488	0.687	0.404	0.459
7kql_75_4	0.599	0.624	1.058	2.000	4.365	0.734	0.387	0.490
7kql_54_3	0.566	0.682	1.325	2.243	4.803	0.882	0.482	0.588
7kql_66_1	0.587	0.610	1.103	1.735	5.238	0.591	0.445	0.546
7kql_18_2	0.553	0.689	1.269	1.495	4.715	0.852	0.442	0.710
7kql_13_1	0.535	0.634	1.251	1.522	4.424	0.892	0.439	0.879
7kql_6_0	0.743	0.630	1.233	1.482	4.514	2.204	0.492	0.530
7kql_39_2	0.516	0.604	1.049	1.551	3.927	0.755	0.425	0.546
7kql_63_4	0.541	0.630	1.302	1.770	4.694	0.799	0.386	0.517
7kql_63_3	0.488	0.631	1.309	1.676	4.340	0.892	0.538	0.599
7kql_52_0	0.561	0.660	1.005	1.869	3.261	0.593	0.256	0.521
7kql_46_1	0.549	0.616	1.032	1.762	3.227	0.870	0.385	0.539
7kql_33_1	0.573	0.626	1.118	1.661	4.460	0.690	0.380	0.534
7kql_98_0	0.531	0.623	1.064	1.791	3.315	0.756	0.408	0.515
7kql_65_0	0.575	0.671	1.439	1.609	3.265	0.784	0.450	0.563
7kql_80_1	0.576	0.684	1.237	1.836	4.492	0.888	0.488	0.680
7kql_62_4	0.746	0.671	1.136	1.678	4.468	2.091	0.671	0.582
7kql_34_2	0.587	0.651	1.111	1.942	3.424	0.745	0.409	0.596
7kql_62_3	0.531	0.633	1.347	1.789	4.009	0.912	0.425	0.654
7kql_50_1	0.609	0.748	1.110	1.825	4.786	0.895	0.559	0.461
7kql_52_3	0.490	0.611	1.054	1.816	4.155	0.807	0.477	0.474
7kql_52_4	0.538	0.708	1.439	1.607	3.967	0.949	0.566	0.698
7kql_46_2	0.484	0.651	1.166	1.927	3.274	0.897	0.457	0.697
7kql_65_3	0.567	0.678	1.140	1.966	3.315	0.814	0.465	0.533
7kql_98_3	0.564	0.783	1.270	1.938	3.375	0.879	0.456	0.614
7kql_80_2	0.547	0.636	1.403	1.607	4.173	0.750	0.504	0.422
7kql_65_4	0.520	0.607	1.153	1.923	3.434	0.730	0.390	0.569
7kql_98_4	0.585	0.621	1.107	1.847	3.270	0.676	0.353	0.444
7kql_33_2	0.607	0.700	1.291	1.901	3.122	0.836	0.522	0.555
7kql_62_0	0.544	0.603	1.091	1.757	3.838	0.692	0.435	0.454
7kql_50_2	0.487	0.636	1.236	1.987	3.601	0.850	0.435	0.612
7kql_34_1	0.501	0.720	1.282	1.975	3.546	0.892	0.461	0.598
7kql_37_0	0.458	0.605	1.263	1.562	4.451	0.817	0.437	0.534
7kql_97_2	0.410	0.432	0.982	1.781	3.754	0.656	0.304	0.451
7kql_54_0	0.571	0.706	1.269	1.831	4.345	0.923	0.618	0.630
7kql_66_2	0.608	0.728	1.308	1.983	4.761	0.849	0.514	0.573
7kql_75_0	0.557	0.607	1.282	1.716	3.483	0.760	0.426	0.487
7kql_28_2	0.570	0.619	1.208	1.594	3.134	0.819	0.413	0.578
7kql_13_2	0.510	0.645	1.178	1.682	4.644	0.814	0.523	0.511
7kql_6_3	0.549	0.647	1.204	1.440	4.852	0.908	0.514	0.440
7kql_39_1	0.533	0.616	1.186	1.490	4.347	0.708	0.460	0.466
7kql_18_1	0.483	0.564	1.149	1.262	4.525	0.671	0.425	0.396
7kql_6_4	0.576	0.673	1.301	1.636	4.307	0.865	0.553	0.551
7kql_63_0	0.444	0.558	1.095	1.729	5.215	0.734	0.425	0.590
7kql_50_4	0.568	0.593	1.054	1.838	3.945	0.707	0.356	0.439
7kql_34_0	0.602	0.666	1.148	1.868	3.387	0.740	0.381	0.555
7kql_62_1	0.729	0.616	1.004	1.747	4.464	2.231	0.543	0.583
7kql_50_3	0.601	0.660	1.136	1.530	4.574	0.728	0.480	0.461
7kql_80_4	0.513	0.647	1.186	1.013	4.018	0.841	0.418	0.526
7kql_33_3	0.491	0.606	1.084	1.770	4.416	0.774	0.370	0.637
7kql_98_2	0.577	0.724	1.273	1.808	3.336	0.896	0.492	0.718
7kql_65_2	0.582	0.591	1.104	1.831	3.308	0.675	0.271	0.438
7kql_33_4	0.281	0.564	1.240	1.789	3.924	0.690	0.429	0.339
7kql_80_3	0.537	0.664	1.319	1.957	3.763	0.876	0.478	0.546
7kql_46_3	0.715	0.699	1.286	2.098	3.665	2.097	0.651	0.413
7kql_46_4	0.586	0.685	1.098	1.934	3.301	0.841	0.438	0.550
7kql_52_2	0.540	0.621	1.127	1.703	4.101	0.664	0.506	0.507
7kql_63_1	0.334	0.569	1.151	1.878	4.982	0.865	0.420	0.656
7kql_18_0	0.583	0.690	1.247	1.758	3.617	0.769	0.439	0.606
7kql_13_4	0.526	0.568	1.008	1.635	3.984	0.679	0.408	0.440
7kql_13_3	0.508	0.665	1.055	1.333	4.099	0.722	0.442	0.520
7kql_6_2	0.733	0.585	1.094	1.627	4.398	2.075	0.490	0.401
7kql_39_0	0.738	0.655	1.095	1.952	4.075	2.215	0.620	0.452
7kql_66_4	0.547	0.687	1.000	1.695	3.923	0.830	0.632	0.578
7kql_75_1	0.597	0.743	1.369	1.986	3.456	0.916	0.522	0.825
7kql_28_3	0.509	0.591	1.325	1.953	3.716	0.661	0.386	0.505
7kql_28_4	0.616	0.735	1.410	1.746	4.344	1.066	0.481	0.627
7kql_54_1	0.532	0.695	1.270	1.896	4.728	0.918	0.535	0.872
7kql_66_3	0.560	0.750	1.109	1.669	4.413	0.848	0.516	0.576
7kql_37_1	0.764	0.625	1.048	1.848	4.814	2.162	0.497	0.524
7kql_97_3	0.595	0.613	1.233	1.528	4.475	0.712	0.376	0.510
7kql_97_4	0.570	0.688	1.290	1.877	4.478	0.883	0.537	0.647
7kez_98_1	1.522	0.704	0.716	1.009	4.372	4.705	0.504	0.440
7kez_65_1	1.476	0.502	0.283	0.621	3.591	4.837	0.328	0.540
7kez_80_0	1.396	0.633	0.585	1.015	4.441	4.340	0.536	0.447
7kez_33_0	1.527	0.548	0.290	0.692	4.096	5.042	0.256	0.721
7kez_62_2	1.529	0.625	0.735	0.937	4.952	4.748	0.495	0.432
7kez_50_0	1.497	0.539	0.342	0.663	4.338	4.855	0.360	0.516
7kez_34_4	0.996	0.511	0.290	0.670	4.892	2.928	0.237	0.530
7kez_34_3	1.463	0.527	0.340	0.535	4.329	4.818	0.269	0.605
7kez_52_1	1.510	0.523	0.346	0.548	3.595	5.042	0.260	0.726
7kez_46_0	1.564	0.571	0.346	0.584	3.830	5.143	0.299	0.613
7kez_18_4	1.493	0.434	0.506	0.823	5.013	5.002	0.246	0.661
7kez_13_0	1.435	0.543	0.293	0.592	4.128	4.631	0.324	0.624
7kez_39_3	1.391	0.512	0.444	0.576	4.409	4.614	0.263	0.759
7kez_39_4	1.441	0.688	0.468	0.762	5.035	4.512	0.468	0.448
7kez_18_3	1.553	0.591	0.475	0.737	5.479	4.976	0.529	0.445
7kez_63_2	1.556	0.547	0.583	0.698	4.433	5.134	0.315	0.558
7kez_37_2	1.532	0.525	0.289	0.731	3.738	5.015	0.333	0.567
7kez_97_0	1.443	0.629	0.502	0.859	4.187	4.477	0.401	0.470
7kez_54_2	1.357	0.565	0.413	0.654	4.553	4.299	0.405	0.742
7kez_66_0	1.567	0.538	0.271	0.591	4.584	5.232	0.332	0.539
7kez_75_2	1.430	0.537	0.446	0.728	5.849	4.645	0.400	0.629
7kez_28_0	1.520	0.503	0.474	0.721	5.634	5.019	0.301	0.646
7kez_6_0	1.505	0.554	0.559	0.743	4.804	4.827	0.406	0.500
7kez_46_1	1.561	0.552	0.480	0.807	4.036	5.057	0.408	0.480
7kez_52_0	1.326	0.485	0.464	0.620	4.666	4.413	0.260	0.656
7kez_62_4	1.991	0.501	0.312	0.516	3.634	6.939	0.459	0.573
7kez_34_2	1.513	0.775	0.441	0.827	5.239	4.736	0.534	0.443
7kez_62_3	1.123	0.570	0.358	0.693	4.614	3.302	0.494	0.475
7kez_50_1	1.470	0.690	0.257	0.642	4.105	4.685	0.477	0.648
7kez_33_1	1.506	0.595	0.457	0.792	4.679	4.749	0.460	0.517
7kez_65_0	1.445	0.449	0.318	0.648	4.728	4.797	0.284	0.521
7kez_98_0	1.517	0.535	0.350	0.644	4.374	4.950	0.423	0.687
7kez_80_1	1.477	0.576	0.413	0.727	4.650	4.711	0.371	0.496
7kez_54_4	1.524	0.590	0.517	0.835	5.133	4.836	0.435	0.551
7kez_75_3	1.826	0.597	0.349	0.702	5.169	6.004	0.370	0.485
7kez_28_1	1.566	0.526	0.420	0.630	5.290	5.052	0.312	0.525
7kez_6_1	1.574	0.504	0.389	0.632	4.579	5.198	0.302	0.665
7kez_75_4	1.557	0.546	0.369	0.728	5.867	5.054	0.388	0.528
7kez_54_3	1.524	0.550	0.438	0.952	4.784	4.954	0.364	0.494
7kez_66_1	1.584	0.543	0.354	0.617	3.994	5.148	0.273	0.519
7kez_37_3	1.994	0.568	0.375	0.692	4.843	6.826	0.391	0.510
7kez_97_1	1.530	0.612	0.470	0.758	4.671	4.887	0.414	0.609
7kez_37_4	1.521	0.668	0.565	0.783	5.161	4.688	0.576	0.503
7kez_63_4	1.444	0.502	0.845	0.781	4.892	4.777	0.443	0.521
7kez_63_3	1.444	0.505	0.287	0.559	4.299	4.690	0.279	0.709
7kez_18_2	1.437	0.633	0.512	0.928	5.074	4.437	0.537	0.482
7kez_13_1	1.602	0.603	0.506	0.914	5.724	5.201	0.395	0.547
7kez_39_2	1.713	0.481	0.418	0.538	4.898	5.896	0.269	0.583
7kez_54_0	1.548	0.513	0.331	0.671	4.875	5.140	0.313	0.666
7kez_66_2	1.506	0.501	0.391	0.599	4.209	5.094	0.275	0.669
7kez_75_0	1.491	0.631	0.527	0.867	5.352	4.660	0.534	0.515
7kez_28_2	1.520	0.570	0.384	0.851	4.375	4.924	0.376	0.576
7kez_6_2	1.482	0.588	0.618	0.860	4.424	4.708	0.438	0.419
7kez_37_0	1.718	0.533	0.334	0.601	4.467	5.807	0.273	0.473
7kez_97_2	1.490	0.548	0.379	0.668	5.472	4.794	0.363	0.593
7kez_63_0	1.025	0.474	0.328	0.632	5.211	3.172	0.299	0.516
7kez_13_2	1.509	0.473	0.365	0.749	5.571	5.060	0.305	0.501
7kez_39_1	1.081	0.628	0.320	0.496	4.276	3.333	0.421	0.791
7kez_18_1	1.891	0.530	0.488	0.749	5.678	6.461	0.475	0.511
7kez_46_2	1.577	0.632	0.327	0.606	5.301	5.185	0.385	0.591
7kez_52_3	1.608	0.492	0.470	0.669	5.188	5.357	0.359	0.514
7kez_52_4	1.548	0.554	0.380	0.639	4.594	5.018	0.326	0.542
7kez_62_0	1.632	0.552	0.315	0.627	3.825	5.361	0.295	0.478
7kez_50_2	1.509	0.557	0.478	0.663	5.348	4.819	0.327	0.542
7kez_34_1	1.557	0.629	0.207	0.635	4.205	5.219	0.249	0.529
7kez_98_3	1.462	0.535	0.418	0.643	4.960	4.701	0.396	0.502
7kez_65_3	1.577	0.565	0.408	0.715	4.773	5.079	0.358	0.504
7kez_80_2	1.546	0.440	0.393	0.524	4.627	5.278	0.280	0.689
7kez_98_4	1.600	0.547	0.415	0.790	5.231	5.233	0.346	0.454
7kez_65_4	1.511	0.587	0.482	0.859	4.660	4.803	0.371	0.484
7kez_33_2	1.513	0.518	0.338	0.587	5.118	4.999	0.339	0.540
7kez_18_0	1.631	0.564	0.378	0.742	4.698	5.238	0.444	0.603
7kez_13_4	1.540	0.617	0.551	0.862	4.881	4.850	0.407	0.456
7kez_13_3	1.652	0.515	0.321	0.619	4.716	5.558	0.289	0.561
7kez_39_0	1.552	0.542	0.497	0.779	4.655	5.096	0.274	0.523
7kez_63_1	1.918	0.582	0.364	0.773	4.991	6.380	0.523	0.541
7kez_37_1	1.537	0.701	0.374	0.704	5.568	5.039	0.381	0.489
7kez_97_3	1.609	0.560	0.386	0.561	4.666	5.285	0.279	0.571
7kez_97_4	1.434	0.717	0.448	0.727	4.465	4.448	0.428	0.599
7kez_66_4	1.284	0.629	0.668	0.897	4.258	3.853	0.537	0.561
7kez_75_1	1.502	0.682	0.424	0.751	5.293	4.709	0.369	0.505
7kez_28_3	1.571	0.559	0.290	0.577	3.659	5.166	0.259	0.689
7kez_6_3	1.580	0.539	0.288	0.572	4.884	5.175	0.295	0.568
7kez_28_4	1.525	0.538	0.534	0.693	4.221	4.990	0.401	0.543
7kez_6_4	1.468	0.594	0.362	0.727	4.401	4.687	0.364	0.493
7kez_54_1	1.518	0.593	0.374	0.561	3.504	4.992	0.270	0.849
7kez_66_3	1.573	0.577	0.375	0.579	4.410	5.197	0.252	0.568
7kez_80_4	1.533	0.482	0.263	0.560	4.752	5.115	0.235	0.583
7kez_33_3	1.534	0.500	0.339	0.567	4.765	5.063	0.340	0.528
7kez_65_2	1.586	0.605	0.490	0.793	4.589	5.043	0.438	0.524
7kez_98_2	1.522	0.539	0.429	0.644	4.785	4.992	0.318	0.593
7kez_33_4	1.595	0.561	0.345	0.644	4.278	5.332	0.406	0.606
7kez_80_3	1.511	0.533	0.288	0.637	4.688	4.973	0.300	0.560
7kez_50_4	0.887	0.533	0.427	0.798	4.432	2.452	0.380	0.469
7kez_34_0	1.404	0.647	0.621	0.940	4.900	4.395	0.469	0.446
7kez_62_1	1.567	0.558	0.455	0.751	5.121	5.035	0.333	0.498
7kez_50_3	1.855	0.608	0.341	0.690	4.496	6.119	0.454	0.565
7kez_52_2	1.523	0.755	0.488	0.780	4.970	4.800	0.447	0.504
7kez_46_3	1.595	0.563	0.394	0.712	4.657	5.200	0.454	0.525
7kez_46_4	1.383	0.562	0.321	0.646	4.410	4.444	0.366	0.589
7s11_66_4	0.676	0.849	0.999	0.948	2.399	0.644	0.573	0.959
7s11_28_3	0.610	1.006	0.821	0.818	2.083	0.764	0.931	0.991
7s11_75_1	0.625	0.941	1.113	0.991	2.134	0.803	0.872	1.038
7s11_28_4	0.636	0.881	1.182	0.934	1.941	0.901	0.865	0.816
7s11_54_1	0.620	0.765	0.996	0.509	1.783	0.531	0.506	0.626
7s11_66_3	0.639	0.858	0.833	0.846	1.856	0.526	0.454	0.618
7s11_97_3	0.635	0.827	0.979	0.879	2.368	0.610	0.585	0.977
7s11_37_1	0.544	1.356	1.378	1.038	1.791	1.399	1.471	0.893
7s11_97_4	0.625	0.813	1.056	0.634	1.171	0.593	0.744	0.908
7s11_63_1	0.590	1.274	1.019	1.036	5.004	0.917	1.390	1.362
7s11_18_0	0.627	0.775	1.198	0.794	2.086	0.491	0.456	0.703
7s11_13_4	0.617	1.343	1.157	1.243	4.519	1.078	1.344	1.627
7s11_13_3	0.632	1.296	1.534	1.528	4.480	1.051	1.240	1.704
7s11_39_0	0.624	0.777	1.066	0.715	2.317	0.660	0.678	0.741
7s11_46_3	0.591	0.713	1.049	0.548	1.988	0.683	0.554	0.579
7s11_6_4	0.598	1.129	0.905	0.841	4.821	0.898	1.200	1.465
7s11_6_3	0.570	1.268	0.883	0.898	3.671	1.026	1.466	1.588
7s11_46_4	0.629	0.949	0.893	0.891	2.059	0.849	0.909	0.994
7s11_52_2	0.661	0.750	1.086	0.702	2.182	0.461	0.472	0.667
7s11_34_0	0.624	1.414	1.174	1.077	4.720	1.271	1.641	1.461
7s11_50_4	0.628	0.805	0.886	0.533	1.826	0.560	0.641	0.861
7s11_62_1	0.585	1.383	1.044	1.049	4.912	1.049	1.775	1.546
7s11_50_3	0.612	0.860	0.840	0.663	1.860	0.713	0.561	0.884
7s11_80_4	0.597	1.160	0.878	0.527	4.690	0.907	1.460	1.421
7s11_33_3	0.623	1.217	0.913	0.602	4.022	0.987	1.470	1.490
7s11_33_4	0.570	1.319	0.996	0.966	4.399	1.100	1.678	1.543
7s11_65_2	0.631	1.071	0.801	0.775	2.305	0.890	0.829	0.883
7s11_98_2	0.663	0.810	1.036	0.652	1.906	0.496	0.481	0.877
7s11_80_3	0.572	1.077	0.881	0.692	4.759	0.935	1.129	1.199
7s11_13_2	0.591	1.202	1.209	1.377	4.541	0.944	1.350	1.531
7s11_39_1	0.630	0.756	1.075	0.697	1.954	0.584	0.517	0.771
7s11_18_1	0.578	0.980	0.808	0.766	1.998	0.869	0.929	0.816
7s11_63_0	0.598	1.376	1.241	1.069	4.923	1.473	1.545	1.163
7s11_97_2	0.622	1.044	0.811	0.728	2.412	0.957	1.019	0.837
7s11_37_0	0.624	0.788	1.167	0.356	0.994	0.718	0.805	0.725
7s11_54_0	0.581	1.030	0.785	0.827	2.041	0.801	0.952	1.025
7s11_66_2	0.645	0.945	0.924	0.940	2.011	0.606	0.686	0.967
7s11_28_2	0.627	1.120	0.728	0.781	1.278	0.718	1.138	1.073
7s11_75_0	0.614	0.851	0.815	0.650	2.331	0.740	0.691	0.789
7s11_98_3	0.618	0.878	1.028	0.872	1.838	0.865	0.888	0.801
7s11_65_3	0.558	1.447	1.058	1.023	1.757	1.019	1.282	1.475
7s11_80_2	0.593	1.065	0.964	0.824	4.663	0.878	1.193	1.252
7s11_33_2	0.577	1.035	0.889	0.671	4.062	0.893	1.274	1.213
7s11_98_4	0.589	0.892	1.059	0.771	1.909	0.782	0.674	0.844
7s11_65_4	0.590	1.327	1.045	0.812	1.318	1.068	1.440	1.010
7s11_62_0	0.548	1.037	1.067	0.753	4.745	0.825	1.239	1.347
7s11_50_2	0.612	0.789	0.785	0.612	2.385	0.598	0.584	0.838
7s11_34_1	0.579	0.845	0.926	0.664	4.764	0.688	0.946	1.101
7s11_52_3	0.580	0.848	1.054	0.596	0.835	0.936	0.927	0.553
7s11_52_4	0.620	0.797	1.116	0.879	2.311	0.584	0.558	0.805
7s11_6_2	0.583	1.065	0.960	0.863	4.783	0.886	1.108	1.296
7s11_46_2	0.621	0.997	0.830	0.896	2.025	0.641	0.768	1.025
7s11_33_1	0.570	1.030	0.883	0.678	4.700	0.853	1.108	0.990
7s11_65_0	0.626	0.829	1.089	0.829	1.954	0.640	0.462	0.981
7s11_98_0	0.635	0.934	1.006	0.848	1.987	0.753	0.835	0.888
7s11_80_1	0.598	1.255	0.905	0.939	4.552	1.083	1.335	1.620
7s11_34_2	0.582	1.191	0.935	0.900	4.721	0.931	1.287	1.419
7s11_62_4	0.645	1.138	0.892	0.623	4.730	0.997	1.277	1.245
7s11_62_3	0.587	1.183	0.980	1.005	4.723	0.914	1.465	1.510
7s11_50_1	0.628	0.773	1.070	0.719	1.939	0.732	0.546	0.754
7s11_52_0	0.594	1.081	0.885	0.810	0.831	0.879	1.028	0.885
7s11_46_1	0.633	0.907	0.785	0.617	2.138	0.633	0.667	0.867
7s11_6_1	0.597	1.139	0.866	0.805	5.139	0.923	1.436	1.478
7s11_18_2	0.642	0.908	0.945	0.612	2.265	0.669	0.676	0.892
7s11_13_1	0.599	1.348	0.885	0.933	4.383	1.185	1.403	1.611
7s11_39_2	0.628	0.783	1.130	0.699	1.891	0.631	0.579	0.785
7s11_63_4	0.572	1.215	1.114	1.318	4.625	1.075	1.502	1.472
7s11_63_3	0.575	1.082	0.960	0.829	4.129	0.829	1.157	1.317
7s11_97_1	0.637	0.960	0.778	0.828	2.414	0.721	0.910	1.023
7s11_37_3	0.636	0.876	0.779	0.626	2.268	0.672	0.693	0.769
7s11_37_4	0.652	0.892	0.778	0.824	2.015	0.717	0.591	0.720
7s11_54_4	0.628	0.863	1.154	0.643	0.942	0.642	0.585	0.732
7s11_28_1	0.573	1.564	1.521	1.548	1.764	1.507	1.872	1.193
7s11_75_3	0.627	0.812	1.135	0.826	0.895	0.596	0.662	0.830
7s11_75_4	0.640	0.802	1.037	0.956	2.066	0.579	0.520	0.789
7s11_54_3	0.635	0.816	0.820	0.588	2.212	0.494	0.532	0.763
7s11_66_1	0.611	1.194	1.090	1.099	1.767	1.293	1.349	0.923
7s11_6_0	0.566	1.014	0.960	0.526	4.714	0.964	1.112	0.967
7s11_46_0	0.613	0.965	0.842	0.736	1.978	0.701	0.768	0.906
7s11_52_1	0.662	0.804	1.406	0.542	2.125	0.603	0.521	0.610
7s11_34_4	0.607	1.214	0.952	1.195	4.102	1.050	1.467	1.497
7s11_62_2	0.590	1.406	1.205	0.883	4.508	1.399	1.552	1.351
7s11_50_0	0.647	0.851	1.075	0.905	1.932	0.627	0.541	0.989
7s11_34_3	0.573	1.095	0.774	0.763	4.313	0.941	1.495	1.412
7s11_98_1	0.630	0.912	0.800	0.625	1.930	0.716	0.728	1.005
7s11_65_1	0.610	0.909	0.879	0.734	1.936	0.781	0.850	0.836
7s11_80_0	0.588	1.481	1.183	1.289	4.286	1.195	1.623	1.491
7s11_33_0	0.628	0.999	1.150	0.782	4.826	0.801	1.038	1.146
7s11_54_2	0.637	0.982	0.903	0.907	2.183	0.613	0.791	1.007
7s11_66_0	0.627	0.806	1.094	0.858	1.900	0.699	0.625	0.703
7s11_28_0	0.637	0.842	1.024	0.805	1.897	0.505	0.514	0.730
7s11_75_2	0.617	0.915	0.764	0.611	2.296	0.743	0.844	0.849
7s11_97_0	0.662	0.795	1.088	0.946	2.298	0.592	0.447	0.787
7s11_37_2	0.619	1.020	0.843	1.003	2.081	0.631	0.813	1.029
7s11_63_2	0.617	1.329	1.320	0.983	4.431	1.489	1.448	0.928
7s11_18_4	0.633	0.797	1.051	0.662	2.236	0.716	0.685	0.790
7s11_13_0	0.592	1.123	0.928	0.860	4.805	0.978	1.208	1.381
7s11_39_3	0.612	0.970	0.819	0.709	2.220	0.788	1.012	0.928
7s11_39_4	0.594	0.920	0.694	0.662	2.492	0.660	0.874	0.939
7s11_18_3	0.627	0.889	0.807	0.914	2.279	0.756	0.760	0.854
7msq_28_4	0.472	0.499	1.168	1.118	8.957	0.720	0.246	0.558
7msq_66_3	0.513	0.612	0.675	0.949	7.584	0.695	0.233	0.516
7msq_54_1	0.535	0.630	0.697	0.746	7.707	0.683	0.216	0.509
7msq_66_4	0.508	0.543	0.985	0.968	7.331	0.735	0.218	0.563
7msq_75_1	0.517	0.571	0.716	0.995	7.346	0.702	0.224	0.535
7msq_28_3	0.543	0.517	1.079	1.087	9.401	0.757	0.309	0.617
7msq_97_4	0.463	0.494	0.710	0.814	7.761	0.748	0.324	0.523
7msq_37_1	0.375	0.468	0.510	1.015	5.936	0.641	0.200	0.534
7msq_97_3	0.526	0.550	0.655	0.739	8.722	0.644	0.263	0.542
7msq_63_1	0.497	0.503	1.003	1.095	7.411	0.682	0.332	0.594
7msq_13_3	0.510	0.595	0.716	0.914	7.770	0.583	0.206	0.515
7msq_39_0	0.379	0.557	1.228	1.065	7.386	0.770	0.208	0.528
7msq_13_4	0.523	0.564	1.048	0.854	7.599	0.708	0.198	0.553
7msq_18_0	0.537	0.598	0.620	1.057	7.570	0.755	0.228	0.528
7msq_46_4	0.492	0.521	0.684	0.762	7.399	0.632	0.263	0.477
7msq_46_3	0.501	0.572	0.889	0.709	10.477	0.599	0.216	0.488
7msq_52_2	0.492	0.543	0.535	0.638	6.668	0.618	0.218	0.496
7msq_50_3	0.516	0.794	0.789	1.014	8.371	0.980	0.343	0.601
7msq_62_1	0.444	0.472	1.115	1.050	7.407	0.636	0.288	0.559
7msq_50_4	0.495	0.574	0.928	1.422	5.716	0.773	0.263	0.578
7msq_34_0	0.462	0.583	1.149	1.024	7.826	0.668	0.219	0.520
7msq_65_2	0.393	0.494	0.443	0.781	4.091	0.755	0.277	0.547
7msq_98_2	0.397	0.487	1.189	1.138	5.489	0.736	0.276	0.565
7msq_33_4	0.462	0.546	0.741	1.097	7.960	0.635	0.218	0.538
7msq_80_3	0.503	0.573	1.199	1.152	7.391	0.856	0.304	0.664
7msq_6_0	0.481	0.585	0.828	0.991	8.449	0.702	0.250	0.530
7msq_80_4	0.490	0.527	0.767	0.624	7.938	0.681	0.226	0.547
7msq_33_3	0.366	0.519	0.985	1.171	3.838	0.559	0.223	0.449
7msq_18_1	0.361	0.526	0.785	1.042	7.999	0.759	0.262	0.565
7msq_13_2	0.409	0.543	0.550	1.207	7.603	0.839	0.247	0.582
7msq_39_1	0.507	0.585	0.608	0.975	8.115	0.739	0.203	0.509
7msq_63_0	0.361	0.498	0.849	0.880	9.082	0.842	0.357	0.676
7msq_37_0	0.426	0.528	0.762	1.005	7.477	0.699	0.215	0.511
7msq_97_2	0.304	0.427	1.128	0.912	7.827	0.756	0.314	0.604
7msq_75_0	0.503	0.577	0.627	0.892	7.821	0.723	0.188	0.531
7msq_28_2	0.454	0.461	1.125	0.934	9.632	0.808	0.325	0.592
7msq_66_2	0.503	0.535	0.811	0.930	7.829	0.679	0.242	0.541
7msq_54_0	0.495	0.546	1.214	0.897	8.274	0.838	0.242	0.609
7msq_98_4	0.484	0.553	0.811	1.046	3.973	0.716	0.228	0.517
7msq_65_4	0.361	0.505	1.169	1.077	5.854	0.610	0.224	0.409
7msq_33_2	0.503	0.628	0.699	1.283	7.100	0.904	0.302	0.544
7msq_98_3	0.398	0.507	1.140	1.666	5.697	0.747	0.240	0.508
7msq_65_3	0.507	0.653	0.923	0.988	3.921	0.655	0.255	0.496
7msq_80_2	0.382	0.509	0.743	0.804	6.373	0.576	0.226	0.430
7msq_6_1	0.381	0.642	0.610	0.804	7.998	0.689	0.233	0.495
7msq_34_1	0.554	0.560	0.542	0.870	8.730	0.673	0.224	0.518
7msq_50_2	0.475	0.540	0.578	0.821	5.693	0.741	0.243	0.556
7msq_62_0	0.504	0.563	1.081	1.001	6.981	0.801	0.362	0.604
7msq_52_4	0.342	0.587	1.677	1.021	3.995	0.723	0.280	0.513
7msq_52_3	0.512	0.538	1.194	0.857	5.333	0.665	0.205	0.471
7msq_46_2	0.432	0.484	1.116	0.909	10.482	0.609	0.231	0.482
7msq_65_0	0.474	0.570	1.246	0.803	7.795	0.609	0.212	0.506
7msq_98_0	0.529	0.611	1.574	0.956	5.915	0.619	0.224	0.474
7msq_80_1	0.356	0.597	1.302	1.471	7.296	0.688	0.308	0.487
7msq_6_2	0.492	0.563	0.581	0.729	7.752	0.744	0.236	0.567
7msq_33_1	0.496	0.573	0.917	0.952	7.807	0.684	0.206	0.539
7msq_50_1	0.365	0.503	1.027	0.907	7.084	0.657	0.217	0.495
7msq_62_3	0.504	0.566	1.101	0.754	8.591	0.789	0.314	0.617
7msq_62_4	0.343	0.493	0.531	1.639	7.458	0.775	0.315	0.566
7msq_34_2	0.538	0.609	0.657	1.706	7.588	0.825	0.304	0.577
7msq_52_0	0.518	0.571	1.607	1.139	8.222	0.728	0.215	0.533
7msq_46_1	0.518	0.527	1.208	1.184	9.820	0.809	0.336	0.612
7msq_13_1	0.486	0.558	0.615	0.907	5.807	0.814	0.220	0.605
7msq_39_2	0.364	0.473	0.529	0.681	7.606	0.738	0.234	0.567
7msq_18_2	0.484	0.621	0.647	0.926	8.008	0.655	0.249	0.478
7msq_63_3	0.483	0.525	1.121	0.733	8.833	0.602	0.250	0.539
7msq_63_4	0.331	0.436	1.036	1.792	5.542	0.602	0.239	0.581
7msq_37_4	0.502	0.601	0.774	1.038	7.378	0.907	0.310	0.599
7msq_37_3	0.510	0.596	1.049	0.845	7.577	0.738	0.220	0.504
7msq_97_1	0.504	0.519	1.192	1.032	7.350	0.637	0.265	0.528
7msq_75_4	0.479	0.592	0.572	1.142	8.054	0.685	0.243	0.490
7msq_66_1	0.532	0.608	0.499	1.072	7.442	0.538	0.239	0.457
7msq_54_3	0.380	0.497	1.090	1.374	7.146	0.574	0.206	0.471
7msq_54_4	0.475	0.616	0.534	1.082	8.008	0.776	0.236	0.535
7msq_75_3	0.528	0.568	1.196	0.846	6.823	0.677	0.237	0.504
7msq_28_1	0.488	0.504	1.029	0.736	6.320	0.797	0.276	0.627
7msq_46_0	0.350	0.451	0.624	0.905	4.625	0.814	0.359	0.657
7msq_52_1	0.445	0.521	1.517	0.912	4.853	0.646	0.281	0.504
7msq_34_3	0.540	0.580	1.045	0.959	7.405	0.679	0.202	0.512
7msq_50_0	0.492	0.535	0.681	0.809	7.426	0.589	0.187	0.565
7msq_62_2	0.381	0.509	1.076	1.246	5.520	0.710	0.340	0.536
7msq_34_4	0.521	0.627	1.100	0.744	7.679	0.678	0.230	0.510
7msq_6_4	0.489	0.507	0.953	0.777	7.528	0.722	0.223	0.553
7msq_33_0	0.505	0.508	0.826	0.893	6.834	0.740	0.222	0.554
7msq_98_1	0.533	0.566	1.547	1.220	5.488	0.827	0.281	0.631
7msq_65_1	0.478	0.532	1.158	0.940	4.473	0.724	0.212	0.559
7msq_80_0	0.502	0.555	0.745	0.852	7.085	0.668	0.212	0.554
7msq_6_3	0.566	0.688	0.919	1.028	7.444	0.730	0.217	0.486
7msq_75_2	0.508	0.555	0.802	0.764	7.848	0.642	0.229	0.505
7msq_28_0	0.375	0.431	1.038	0.872	7.056	0.751	0.248	0.567
7msq_66_0	0.489	0.578	1.164	0.787	6.875	0.656	0.171	0.494
7msq_54_2	0.498	0.642	0.662	1.145	7.747	0.710	0.220	0.500
7msq_37_2	0.535	0.597	0.897	0.862	7.459	0.654	0.241	0.501
7msq_97_0	0.512	0.531	0.830	0.855	5.811	0.643	0.299	0.547
7msq_63_2	0.488	0.508	0.919	1.099	4.147	0.606	0.279	0.531
7msq_39_4	0.360	0.520	0.937	0.921	7.109	0.540	0.213	0.461
7msq_18_3	0.498	0.511	0.580	0.767	7.168	0.809	0.243	0.621
7msq_13_0	0.516	0.581	0.827	0.858	8.206	0.804	0.246	0.613
7msq_18_4	0.499	0.623	0.986	1.181	7.420	0.653	0.203	0.470
7msq_39_3	0.383	0.531	0.665	0.824	6.839	0.611	0.216	0.469
7qny_97_0	0.398	0.776	0.675	1.963	5.401	1.094	0.509	1.146
7qny_37_2	0.349	0.550	0.596	1.920	6.166	0.384	0.215	0.587
7qny_54_2	0.393	0.671	0.689	1.890	4.867	0.751	0.277	0.774
7qny_66_0	0.387	0.747	0.787	1.892	6.305	0.707	0.349	0.683
7qny_28_0	0.350	0.716	0.862	1.896	3.321	0.675	0.279	0.760
7qny_75_2	0.350	0.634	0.728	1.911	5.334	0.654	0.214	0.728
7qny_18_4	0.375	0.657	0.652	1.905	5.910	0.614	0.193	0.808
7qny_13_0	0.367	0.648	0.728	1.846	5.839	0.615	0.346	0.995
7qny_39_3	0.354	0.684	0.742	1.872	5.465	0.812	0.385	0.685
7qny_39_4	0.404	0.616	0.659	1.859	6.025	0.422	0.255	0.584
7qny_18_3	0.380	0.863	1.064	1.872	5.468	0.963	0.382	0.933
7qny_63_2	0.327	0.597	0.574	1.945	6.028	0.622	0.220	0.576
7qny_52_1	0.353	0.642	0.724	1.894	5.262	0.786	0.468	0.972
7qny_6_0	0.348	0.715	0.786	1.911	5.698	0.844	0.374	0.836
7qny_46_0	0.343	0.525	0.658	1.899	4.467	0.273	0.290	0.501
7qny_65_1	0.345	0.570	0.698	1.921	3.056	0.545	0.274	0.658
7qny_98_1	0.357	0.669	0.687	1.882	5.433	0.786	0.313	0.796
7qny_80_0	0.351	0.663	0.663	1.918	5.353	0.753	0.426	0.633
7qny_33_0	0.340	0.673	0.808	1.890	3.030	0.540	0.237	0.656
7qny_34_4	0.325	0.642	0.699	1.870	4.729	0.574	0.232	0.617
7qny_62_2	0.371	0.722	0.739	1.884	5.204	0.717	0.323	0.839
7qny_50_0	0.351	0.636	0.652	1.921	5.097	0.694	0.347	0.525
7qny_34_3	0.375	0.612	0.715	1.888	5.178	0.465	0.209	0.356
7qny_63_4	0.399	0.745	0.783	1.940	3.104	0.876	0.408	0.527
7qny_63_3	0.342	0.600	0.766	1.877	4.538	0.522	0.378	0.678
7qny_18_2	0.373	0.701	0.720	1.884	6.001	0.588	0.339	0.973
7qny_13_1	0.376	0.703	0.697	1.925	4.941	0.791	0.264	0.600
7qny_39_2	0.344	0.597	0.694	1.875	5.350	0.492	0.203	0.573
7qny_54_4	0.494	0.668	0.764	1.864	2.985	0.690	0.289	0.746
7qny_28_1	0.330	0.585	0.618	1.906	4.917	0.634	0.289	0.503
7qny_75_3	0.386	0.696	0.743	1.879	4.848	0.880	0.338	0.729
7qny_75_4	0.336	0.725	0.736	1.911	3.120	0.872	0.374	0.736
7qny_54_3	0.333	0.604	0.694	1.912	2.765	0.567	0.289	0.565
7qny_66_1	0.362	0.642	0.625	1.917	5.986	0.624	0.300	0.691
7qny_97_1	0.363	0.713	0.768	1.874	5.158	0.722	0.298	0.579
7qny_37_3	0.318	0.634	0.689	1.916	5.023	0.740	0.346	0.863
7qny_37_4	0.369	0.662	0.926	1.835	4.908	0.537	0.313	0.483
7qny_34_2	0.352	0.737	0.792	1.888	5.247	0.806	0.344	0.683
7qny_62_4	0.368	0.692	0.859	1.876	6.150	0.655	0.440	0.706
7qny_62_3	0.368	0.650	0.830	1.856	5.928	0.454	0.332	1.031
7qny_50_1	0.505	0.730	0.812	1.870	4.963	0.913	0.326	0.960
7qny_33_1	0.348	0.598	0.781	1.861	5.569	0.449	0.266	0.747
7qny_98_0	0.484	0.558	0.708	1.871	6.082	0.515	0.195	1.181
7qny_65_0	0.357	0.606	0.720	1.884	4.435	0.457	0.213	0.501
7qny_80_1	0.406	0.827	0.960	1.991	5.741	1.119	0.576	0.865
7qny_46_1	0.495	0.578	0.634	1.924	5.339	0.299	0.297	0.966
7qny_52_0	0.396	0.831	0.960	1.939	5.893	1.069	0.298	0.601
7qny_6_1	0.351	0.653	0.737	1.887	5.451	0.698	0.392	0.696
7qny_62_0	0.352	0.661	0.737	1.877	5.482	0.791	0.417	0.807
7qny_50_2	0.372	0.731	0.704	1.906	5.625	0.926	0.358	0.673
7qny_34_1	0.320	0.576	0.817	1.906	5.301	0.459	0.380	0.638
7qny_65_3	0.460	0.657	0.718	1.890	5.517	0.673	0.278	0.850
7qny_98_3	0.343	0.623	0.816	1.856	6.170	0.423	0.297	0.549
7qny_80_2	0.367	0.743	0.794	1.890	5.868	0.801	0.382	0.998
7qny_33_2	0.318	0.669	0.763	1.915	3.177	0.798	0.361	0.772
7qny_65_4	0.339	0.545	0.633	1.896	6.319	0.359	0.266	0.460
7qny_98_4	0.366	0.692	0.804	1.929	5.968	0.732	0.493	1.037
7qny_46_2	0.385	0.732	0.776	1.896	5.519	1.003	0.389	0.809
7qny_6_2	0.375	0.778	0.846	1.909	6.182	0.962	0.519	1.073
7qny_52_3	0.372	0.684	0.721	1.861	6.613	0.797	0.369	0.799
7qny_52_4	0.343	0.666	0.588	1.885	5.851	0.691	0.278	0.613
7qny_63_0	0.345	0.721	0.862	1.871	5.284	0.918	0.252	0.616
7qny_13_2	0.343	0.651	0.840	1.854	5.007	0.708	0.304	0.632
7qny_39_1	0.348	0.555	0.824	1.957	6.012	0.415	0.352	0.454
7qny_18_1	0.439	0.723	0.815	1.881	5.297	0.780	0.367	0.631
7qny_54_0	0.464	0.612	0.830	1.856	6.300	0.593	0.234	0.773
7qny_66_2	0.353	0.610	0.645	1.885	5.508	0.574	0.407	0.856
7qny_28_2	0.406	0.655	0.808	1.885	5.668	0.554	0.363	0.461
7qny_75_0	0.368	0.695	0.884	1.883	5.245	0.896	0.468	0.814
7qny_97_2	0.340	0.688	0.670	1.949	4.989	0.905	0.212	0.727
7qny_37_0	0.334	0.653	0.705	1.941	4.679	0.715	0.253	0.722
7qny_6_4	0.356	0.666	0.906	1.901	5.219	0.694	0.362	0.558
7qny_6_3	0.354	0.571	0.650	1.945	5.126	0.391	0.376	0.466
7qny_52_2	0.387	0.657	0.713	1.893	4.225	0.670	0.410	0.490
7qny_46_3	0.414	0.758	0.758	1.901	7.033	0.766	0.267	0.743
7qny_46_4	0.355	0.692	0.766	1.865	6.170	0.957	0.236	0.753
7qny_80_4	0.350	0.806	0.903	1.922	5.545	1.112	0.600	1.072
7qny_33_3	0.398	0.856	1.047	1.886	4.874	0.814	0.280	0.802
7qny_33_4	0.404	0.579	0.595	1.863	5.207	0.596	0.368	0.598
7qny_98_2	0.354	0.596	0.777	1.905	5.305	0.560	0.392	0.414
7qny_65_2	0.375	0.584	0.648	1.867	5.348	0.439	0.405	0.560
7qny_80_3	0.329	0.647	0.693	1.905	4.904	0.731	0.356	1.045
7qny_34_0	0.321	0.629	0.678	1.916	4.373	0.658	0.216	0.647
7qny_50_4	0.339	0.724	0.850	1.937	2.959	1.068	0.502	0.706
7qny_62_1	0.343	0.633	0.805	1.905	4.748	0.690	0.233	0.511
7qny_50_3	0.339	0.601	0.535	1.883	5.103	0.535	0.215	0.601
7qny_97_3	0.393	0.740	0.921	1.865	5.250	0.603	0.273	0.655
7qny_37_1	0.412	0.854	0.918	1.931	5.693	0.944	0.444	0.788
7qny_97_4	0.374	0.667	0.801	1.844	4.705	0.459	0.415	0.706
7qny_66_4	0.353	0.553	0.675	1.919	5.135	0.513	0.317	0.412
7qny_28_3	0.346	0.698	0.811	1.903	5.036	0.741	0.343	0.745
7qny_75_1	0.358	0.726	0.736	1.879	2.892	0.793	0.319	0.543
7qny_28_4	0.367	0.722	0.886	1.915	2.374	0.818	0.191	0.516
7qny_54_1	0.446	0.593	0.623	1.851	5.207	0.468	0.244	0.953
7qny_66_3	0.345	0.632	0.806	1.876	4.719	0.370	0.335	0.692
7qny_18_0	0.334	0.626	0.775	1.893	5.822	0.553	0.275	0.638
7qny_13_4	0.317	0.557	0.636	1.909	6.047	0.521	0.217	0.663
7qny_13_3	0.343	0.662	0.709	1.867	4.378	0.677	0.261	0.773
7qny_39_0	0.400	0.640	0.769	1.892	5.226	0.533	0.250	0.676
7qny_63_1	0.336	0.686	0.620	1.902	4.812	0.808	0.291	0.763
7ps6_28_2	0.414	0.543	0.875	1.109	3.800	1.259	0.659	0.501
7ps6_75_0	0.349	0.530	0.699	0.999	3.716	1.288	0.711	0.553
7ps6_66_2	0.550	0.664	0.858	1.227	2.901	1.394	0.815	0.548
7ps6_54_0	0.544	0.584	0.653	0.937	3.834	1.319	0.647	0.474
7ps6_97_2	0.364	0.491	0.660	0.982	2.528	1.134	0.601	0.517
7ps6_37_0	0.431	0.515	0.791	0.985	4.005	1.203	0.635	0.546
7ps6_63_0	0.476	0.516	0.575	0.792	2.923	1.046	0.335	0.487
7ps6_18_1	0.380	0.501	0.732	1.101	5.026	1.109	0.548	0.476
7ps6_39_1	0.503	0.574	0.709	1.078	4.816	1.308	0.552	0.525
7ps6_13_2	0.537	0.573	0.662	0.861	3.282	1.240	0.504	0.512
7ps6_46_2	0.545	0.647	0.680	0.972	2.279	1.140	0.515	0.496
7ps6_52_4	0.483	0.661	0.709	0.785	5.060	1.255	0.614	0.498
7ps6_6_2	0.515	0.522	0.654	0.891	4.568	1.086	0.511	0.456
7ps6_52_3	0.419	0.504	0.689	1.027	2.824	1.227	0.580	0.528
7ps6_34_1	0.514	0.769	0.677	0.846	2.912	1.255	0.511	0.532
7ps6_50_2	0.467	0.540	0.455	0.624	2.848	1.074	0.274	0.501
7ps6_62_0	0.510	0.580	0.764	0.995	5.509	1.228	0.610	0.488
7ps6_33_2	0.470	0.583	0.810	1.023	4.170	1.274	0.690	0.536
7ps6_98_4	0.341	0.441	0.654	0.612	5.326	1.041	0.503	0.387
7ps6_65_4	0.425	0.514	0.700	1.016	3.661	1.198	0.622	0.501
7ps6_80_2	0.540	0.556	0.712	0.789	5.338	1.218	0.527	0.478
7ps6_98_3	0.417	0.539	0.847	1.083	4.445	1.344	0.644	0.540
7ps6_65_3	0.500	0.612	0.794	1.114	2.438	1.289	0.631	0.548
7ps6_39_0	0.480	0.579	1.018	0.871	2.851	1.250	0.549	0.489
7ps6_13_3	0.542	0.534	0.612	0.858	5.470	1.179	0.545	0.493
7ps6_13_4	0.497	0.570	0.739	1.130	4.202	1.280	0.612	0.527
7ps6_18_0	0.484	0.530	0.528	0.771	2.849	1.132	0.346	0.496
7ps6_63_1	0.522	0.540	0.836	0.686	2.664	0.975	0.269	0.449
7ps6_97_4	0.403	0.571	0.758	1.031	2.633	1.245	0.626	0.496
7ps6_97_3	0.403	0.512	0.697	0.907	4.267	1.357	0.702	0.494
7ps6_37_1	0.532	0.591	0.741	0.939	2.963	1.222	0.567	0.520
7ps6_66_3	0.405	0.601	0.860	1.085	2.313	1.392	0.729	0.581
7ps6_54_1	0.486	0.598	0.747	1.038	4.872	1.364	0.633	0.592
7ps6_28_4	0.534	0.543	0.812	1.067	5.699	1.172	0.593	0.544
7ps6_28_3	0.481	0.575	1.080	0.941	5.680	1.288	0.584	0.520
7ps6_75_1	0.460	0.552	1.307	0.751	4.061	1.282	0.536	0.595
7ps6_66_4	0.380	0.480	0.705	0.929	3.713	1.038	0.551	0.472
7ps6_80_3	0.417	0.462	0.684	0.738	2.902	1.184	0.492	0.463
7ps6_33_4	0.364	0.500	0.650	1.021	5.178	1.108	0.553	0.452
7ps6_65_2	0.494	0.590	0.774	0.935	3.064	1.272	0.654	0.560
7ps6_98_2	0.508	0.556	0.737	0.959	3.097	1.232	0.616	0.503
7ps6_33_3	0.491	0.575	0.679	1.023	3.847	1.304	0.654	0.528
7ps6_80_4	0.424	0.543	0.687	1.409	3.979	1.199	0.591	0.516
7ps6_50_3	0.489	0.565	0.528	0.674	2.820	1.079	0.332	0.480
7ps6_62_1	0.413	0.530	0.855	1.140	3.300	1.180	0.605	0.495
7ps6_34_0	0.498	0.548	0.534	0.765	3.045	1.166	0.338	0.485
7ps6_50_4	0.467	0.528	0.508	0.709	2.869	1.037	0.314	0.491
7ps6_52_2	0.419	0.500	0.689	0.895	2.762	1.236	0.569	0.543
7ps6_6_4	0.495	0.570	0.746	1.010	2.571	1.214	0.601	0.511
7ps6_6_3	0.495	0.626	0.682	0.892	3.056	1.267	0.603	0.537
7ps6_46_4	0.499	0.550	1.733	0.959	4.595	1.209	0.497	0.536
7ps6_46_3	0.484	0.553	0.647	0.958	3.099	1.315	0.583	0.544
7ps6_33_0	0.489	0.581	1.029	0.658	5.248	1.147	0.531	0.513
7ps6_80_0	0.502	0.524	0.655	0.845	2.541	1.090	0.476	0.510
7ps6_98_1	0.551	0.582	0.691	1.087	4.972	1.211	0.553	0.456
7ps6_65_1	0.530	0.532	0.665	0.693	5.353	1.127	0.468	0.494
7ps6_34_3	0.573	0.639	0.761	1.005	2.818	1.304	0.512	0.497
7ps6_34_4	0.466	0.566	0.597	0.856	2.849	1.269	0.504	0.547
7ps6_50_0	0.553	0.679	0.669	0.890	2.955	1.107	0.428	0.531
7ps6_62_2	0.517	0.507	0.730	0.558	6.016	1.158	0.567	0.541
7ps6_6_0	0.404	0.494	0.795	1.267	3.126	1.338	0.662	0.553
7ps6_52_1	0.405	0.615	0.689	0.842	3.978	1.190	0.515	0.498
7ps6_46_0	0.402	0.554	0.769	1.086	5.164	1.373	0.668	0.486
7ps6_18_3	0.489	0.540	0.701	0.874	2.796	0.985	0.324	0.411
7ps6_39_4	0.411	0.528	0.513	0.744	2.848	1.211	0.407	0.562
7ps6_39_3	0.352	0.478	0.520	0.675	2.705	1.053	0.354	0.457
7ps6_13_0	0.542	0.581	0.693	0.965	3.569	1.361	0.629	0.567
7ps6_18_4	0.405	0.510	0.544	0.811	2.729	1.101	0.348	0.548
7ps6_63_2	0.354	0.491	0.581	0.772	2.930	1.142	0.373	0.587
7ps6_97_0	0.532	0.515	0.542	0.364	5.932	0.974	0.336	0.393
7ps6_37_2	0.511	0.577	0.780	0.917	5.414	1.245	0.603	0.530
7ps6_28_0	0.579	0.674	0.805	1.037	2.565	1.449	0.705	0.522
7ps6_75_2	0.410	0.494	1.202	0.805	4.783	1.211	0.620	0.459
7ps6_66_0	0.485	0.493	0.643	0.628	5.837	1.104	0.477	0.479
7ps6_54_2	0.416	0.508	0.551	0.973	4.578	1.216	0.556	0.528
7ps6_46_1	0.469	0.546	0.860	1.033	4.385	1.221	0.675	0.585
7ps6_52_0	0.322	0.463	0.685	0.752	4.134	0.966	0.544	0.464
7ps6_6_1	0.551	0.588	0.793	1.045	4.575	1.335	0.672	0.601
7ps6_50_1	0.477	0.538	0.560	0.796	2.820	1.017	0.365	0.467
7ps6_62_3	0.411	0.532	0.865	1.021	5.265	1.302	0.725	0.576
7ps6_34_2	0.485	0.561	0.527	0.746	2.624	1.192	0.364	0.526
7ps6_62_4	0.475	0.640	0.805	1.131	4.943	1.505	0.767	0.578
7ps6_80_1	0.406	0.475	0.583	0.733	2.619	1.185	0.533	0.481
7ps6_65_0	0.432	0.536	1.136	1.150	2.247	1.279	0.625	0.521
7ps6_98_0	0.502	0.585	0.789	1.009	4.481	1.460	0.674	0.587
7ps6_33_1	0.504	0.564	0.716	0.979	3.332	1.223	0.653	0.510
7ps6_66_1	0.388	0.497	0.633	0.917	2.411	1.219	0.572	0.527
7ps6_54_3	0.356	0.462	0.676	0.860	3.024	1.125	0.613	0.480
7ps6_75_4	0.476	0.564	0.758	1.028	3.563	1.379	0.653	0.585
7ps6_28_1	0.521	0.644	0.717	0.907	4.465	1.149	0.508	0.535
7ps6_75_3	0.499	0.517	0.675	0.792	5.039	1.134	0.568	0.434
7ps6_54_4	0.418	0.522	0.669	0.834	4.536	1.173	0.542	0.484
7ps6_37_4	0.401	0.535	0.833	1.077	2.641	1.234	0.592	0.540
7ps6_97_1	0.479	0.514	0.605	0.726	5.476	1.186	0.562	0.477
7ps6_37_3	0.511	0.580	0.660	1.031	4.157	1.207	0.596	0.523
7ps6_63_3	0.525	0.557	0.689	0.909	2.871	1.126	0.386	0.461
7ps6_63_4	0.400	0.423	0.512	0.735	2.933	1.059	0.274	0.484
7ps6_39_2	0.446	0.548	0.639	0.910	2.848	1.190	0.488	0.507
7ps6_13_1	0.421	0.571	0.715	0.875	4.779	1.477	0.695	0.644
7ps6_18_2	0.474	0.552	0.534	0.724	2.873	1.013	0.331	0.508
7phw_13_0	0.430	0.462	0.313	0.270	0.332	0.486	0.301	0.916
7phw_18_4	0.428	0.536	0.410	0.336	0.384	0.471	0.425	0.854
7phw_39_3	0.430	0.434	0.344	0.343	0.369	0.346	0.304	0.938
7phw_39_4	0.407	0.443	0.338	0.299	0.384	0.416	0.312	0.811
7phw_18_3	0.376	0.421	0.371	0.281	0.363	0.400	0.354	0.748
7phw_63_2	0.450	0.442	0.349	0.359	0.399	0.354	0.257	1.033
7phw_97_0	0.383	0.423	0.356	0.270	0.367	0.299	0.282	0.768
7phw_37_2	0.473	0.471	0.331	0.288	0.441	0.397	0.330	1.040
7phw_6_1	0.417	0.496	0.484	0.384	0.382	0.557	0.464	0.921
7phw_66_0	0.373	0.488	0.403	0.295	0.376	0.416	0.358	0.521
7phw_54_2	1.225	0.636	0.795	0.737	5.324	0.845	0.840	3.858
7phw_28_0	0.693	0.589	0.335	0.240	0.358	0.545	0.339	1.890
7phw_75_2	0.396	0.446	0.392	0.276	0.425	0.337	0.323	0.806
7phw_98_1	0.428	0.441	0.318	0.322	0.367	0.445	0.360	0.887
7phw_65_1	0.417	0.452	0.310	0.270	0.419	0.350	0.323	0.813
7phw_80_0	0.444	0.462	0.408	0.468	0.403	0.469	0.369	1.074
7phw_33_0	1.230	0.613	0.514	0.530	5.587	0.790	0.749	3.982
7phw_34_4	0.450	0.492	0.352	0.326	0.394	0.399	0.397	0.913
7phw_50_0	0.422	0.595	0.324	0.315	0.334	0.431	0.328	0.887
7phw_62_2	0.367	0.468	0.394	0.331	0.419	0.475	0.363	0.695
7phw_34_3	0.406	0.445	0.417	0.233	0.379	0.363	0.286	0.892
7phw_52_1	0.411	0.432	0.301	0.277	0.365	0.363	0.284	0.871
7phw_46_0	0.573	0.672	0.646	0.531	1.951	1.278	0.492	1.533
7phw_54_4	1.299	0.777	1.166	0.991	3.537	1.348	0.924	4.142
7phw_28_1	0.404	0.414	0.285	0.266	0.340	0.398	0.242	0.802
7phw_75_3	0.434	0.437	0.349	0.261	0.385	0.298	0.353	0.938
7phw_6_0	0.458	0.442	0.415	0.403	0.395	0.537	0.403	1.029
7phw_75_4	0.456	0.492	0.402	0.338	0.412	0.437	0.436	1.013
7phw_66_1	0.428	0.533	0.349	0.305	0.456	0.560	0.386	0.737
7phw_54_3	1.283	0.508	0.543	0.477	4.768	0.725	0.712	4.081
7phw_97_1	0.408	0.381	0.298	0.270	0.383	0.360	0.240	0.919
7phw_37_3	0.376	0.610	0.342	0.345	0.372	0.678	0.240	0.717
7phw_37_4	0.403	0.445	0.354	0.178	0.423	0.327	0.302	0.804
7phw_63_4	0.416	0.495	0.369	0.343	0.424	0.503	0.374	0.815
7phw_63_3	0.409	0.497	0.425	0.346	0.521	0.498	0.461	0.935
7phw_18_2	0.409	0.443	0.310	0.259	0.383	0.361	0.259	0.855
7phw_13_1	0.363	0.483	0.436	0.429	0.407	0.561	0.371	0.776
7phw_39_2	0.419	0.468	0.413	0.402	0.402	0.552	0.393	0.875
7phw_46_1	1.495	0.803	0.990	1.030	5.075	1.116	1.000	4.381
7phw_52_0	0.696	0.519	0.390	0.315	0.409	0.439	0.406	1.999
7phw_34_2	0.441	0.464	0.392	0.393	0.406	0.511	0.436	0.963
7phw_62_4	0.390	0.496	0.489	0.262	0.383	0.537	0.387	0.750
7phw_50_1	0.433	0.450	0.340	0.267	0.346	0.447	0.313	0.953
7phw_62_3	0.347	0.484	0.462	0.260	0.434	0.441	0.397	0.546
7phw_33_1	1.284	0.614	0.834	0.706	4.713	0.860	0.867	3.978
7phw_65_0	0.623	0.441	0.312	0.244	0.382	0.368	0.332	1.685
7phw_98_0	0.400	0.420	0.326	0.302	0.353	0.443	0.319	0.779
7phw_80_1	0.457	0.481	0.435	0.371	0.454	0.445	0.436	0.966
7phw_46_2	0.755	0.626	0.828	0.645	0.989	0.898	0.764	2.104
7phw_52_3	0.415	0.426	0.307	0.242	0.376	0.346	0.324	0.870
7phw_52_4	0.422	0.484	0.321	0.262	0.407	0.344	0.346	0.879
7phw_50_2	0.420	0.413	0.314	0.284	0.371	0.380	0.276	0.864
7phw_62_0	0.433	0.434	0.339	0.291	0.386	0.486	0.349	0.922
7phw_34_1	0.653	0.668	0.504	0.235	0.445	0.386	0.339	1.848
7phw_98_3	0.432	0.464	0.428	0.325	0.358	0.693	0.377	1.015
7phw_65_3	0.423	0.505	0.387	0.334	0.490	0.360	0.410	0.867
7phw_80_2	0.520	0.471	0.390	0.408	0.407	0.432	0.369	1.278
7phw_33_2	1.163	0.527	0.410	0.484	5.629	0.582	0.779	3.799
7phw_98_4	0.421	0.470	0.412	0.419	0.387	0.427	0.356	0.867
7phw_65_4	0.403	0.436	0.313	0.297	0.352	0.590	0.247	0.932
7phw_6_3	0.465	0.453	0.317	0.319	0.377	0.486	0.329	1.026
7phw_66_2	0.441	0.490	0.346	0.256	0.430	0.341	0.311	0.868
7phw_54_0	1.370	0.583	0.626	0.662	5.057	0.999	0.828	4.302
7phw_6_4	0.356	0.641	0.472	0.382	0.374	0.516	0.429	0.553
7phw_28_2	0.411	0.462	0.476	0.280	0.363	0.485	0.333	0.844
7phw_75_0	0.430	0.599	0.457	0.237	0.406	0.440	0.366	0.899
7phw_97_2	0.336	0.426	0.317	0.245	0.403	0.309	0.290	0.603
7phw_37_0	0.404	0.529	0.604	0.509	0.418	0.487	0.391	0.867
7phw_63_0	0.687	0.500	0.355	0.312	0.420	0.383	0.421	1.945
7phw_13_2	0.361	0.422	0.359	0.277	0.364	0.499	0.300	0.906
7phw_39_1	0.429	0.459	0.394	0.356	0.380	0.466	0.367	0.911
7phw_18_1	0.381	0.437	0.289	0.241	0.383	0.319	0.324	0.560
7phw_80_4	0.420	0.462	0.346	0.374	0.395	0.361	0.392	0.845
7phw_33_3	1.258	0.681	0.694	0.622	5.379	0.812	0.837	3.831
7phw_33_4	1.240	0.535	0.473	0.425	3.749	0.829	0.881	3.812
7phw_65_2	0.374	0.478	0.420	0.388	0.388	0.686	0.306	1.046
7phw_98_2	0.338	0.444	0.353	0.341	0.364	0.406	0.323	0.542
7phw_80_3	0.408	0.472	0.500	0.445	0.372	0.471	0.341	0.873
7phw_34_0	0.430	0.441	0.364	0.234	0.349	0.462	0.278	0.855
7phw_50_4	0.406	0.468	0.392	0.423	0.366	0.451	0.386	0.770
7phw_50_3	0.401	0.430	0.350	0.311	0.356	0.472	0.311	0.800
7phw_62_1	0.377	0.428	0.370	0.225	0.363	0.415	0.299	0.575
7phw_52_2	0.390	0.479	0.390	0.348	0.445	0.476	0.376	0.658
7phw_46_3	0.958	0.701	1.181	0.908	2.308	1.204	0.922	2.774
7phw_46_4	1.236	0.678	0.798	0.771	4.626	0.757	0.872	3.794
7phw_13_4	0.440	0.470	0.497	0.225	0.371	0.472	0.374	0.931
7phw_18_0	0.386	0.552	0.421	0.233	0.412	0.431	0.377	0.824
7phw_13_3	0.433	0.470	0.344	0.282	0.385	0.404	0.353	0.811
7phw_39_0	0.448	0.462	0.409	0.324	0.364	0.488	0.350	0.954
7phw_63_1	0.580	0.404	0.309	0.305	0.371	0.359	0.280	1.635
7phw_97_3	0.543	0.505	0.376	0.405	0.412	0.486	0.442	1.284
7phw_37_1	0.344	0.436	0.373	0.250	0.377	0.393	0.359	0.666
7phw_97_4	0.469	0.525	0.311	0.268	0.374	0.333	0.293	0.891
7phw_66_4	0.361	0.444	0.454	0.383	0.387	0.646	0.374	0.829
7phw_28_3	0.355	0.404	0.379	0.231	0.376	0.304	0.264	0.640
7phw_75_1	0.419	0.683	0.325	0.270	0.359	0.380	0.369	0.847
7phw_6_2	0.457	0.599	0.343	0.367	0.404	0.447	0.411	0.982
7phw_28_4	0.421	0.426	0.278	0.250	0.347	0.319	0.294	0.847
7phw_66_3	0.396	0.431	0.323	0.246	0.376	0.269	0.238	0.800
7phw_54_1	1.326	0.660	0.878	0.760	5.819	1.036	0.994	4.000
7nx3_66_2	0.393	0.680	0.843	0.607	0.610	0.834	0.448	0.631
7nx3_54_0	0.411	0.685	0.845	0.589	2.856	0.624	0.482	0.617
7nx3_75_0	0.370	0.630	0.647	0.479	0.643	0.673	0.504	0.626
7nx3_28_2	0.373	0.673	0.766	0.580	0.739	0.774	0.386	0.622
7nx3_37_0	0.382	0.724	0.782	0.403	0.574	0.705	0.574	0.677
7nx3_97_2	0.364	0.583	0.626	0.449	0.762	0.796	0.381	0.559
7nx3_63_0	0.371	0.671	0.915	0.574	1.632	0.881	0.669	0.811
7nx3_13_2	0.367	0.716	1.093	0.777	1.528	1.026	0.606	0.734
7nx3_39_1	0.336	0.633	0.404	0.507	0.754	0.584	0.408	0.540
7nx3_18_1	0.378	0.741	0.905	0.626	0.713	0.887	0.519	0.699
7nx3_46_2	0.332	0.706	1.005	0.683	1.245	0.830	0.474	0.644
7nx3_52_3	0.364	0.667	0.920	0.643	3.264	0.925	0.473	0.670
7nx3_6_1	0.386	0.723	0.980	0.783	0.677	0.970	0.524	0.572
7nx3_52_4	0.356	0.548	0.558	0.397	2.720	0.657	0.351	0.497
7nx3_50_2	0.398	0.647	0.707	0.558	0.849	0.796	0.423	0.670
7nx3_62_0	0.372	0.624	0.736	0.484	0.710	0.793	0.358	0.602
7nx3_34_1	0.334	0.644	0.729	0.506	0.979	0.608	0.433	0.625
7nx3_65_3	0.393	0.565	0.823	0.801	2.657	0.844	0.424	0.614
7nx3_98_3	0.364	0.605	0.283	0.248	4.578	0.599	0.379	0.755
7nx3_80_2	0.430	0.505	0.749	0.698	2.324	0.953	0.392	0.687
7nx3_65_4	0.367	0.536	0.782	0.677	3.473	0.653	0.322	0.615
7nx3_98_4	0.389	0.612	0.721	0.584	0.390	0.741	0.427	0.561
7nx3_33_2	0.345	0.607	0.709	0.549	0.619	0.672	0.412	0.635
7nx3_13_4	0.382	0.678	1.034	0.718	0.819	0.977	0.566	0.713
7nx3_18_0	0.380	0.682	0.913	0.695	2.537	0.914	0.416	0.588
7nx3_13_3	0.363	0.617	0.888	0.585	0.485	0.675	0.362	0.549
7nx3_39_0	0.355	0.615	0.653	0.535	0.404	0.664	0.410	0.599
7nx3_63_1	0.378	0.590	0.699	0.662	0.978	0.661	0.347	0.499
7nx3_37_1	0.359	0.758	1.007	0.678	0.504	0.889	0.580	0.754
7nx3_97_3	0.362	0.582	0.491	0.357	0.656	0.697	0.395	0.552
7nx3_97_4	0.357	0.710	0.813	0.529	0.791	0.766	0.498	0.694
7nx3_66_4	0.387	0.667	0.492	0.347	0.843	0.754	0.472	0.636
7nx3_75_1	0.368	0.689	0.952	0.826	0.896	0.928	0.450	0.606
7nx3_28_3	0.374	0.647	0.892	0.602	0.966	0.671	0.387	0.550
7nx3_28_4	0.309	0.473	0.508	0.516	0.830	0.691	0.315	0.609
7nx3_66_3	0.394	0.521	0.825	0.595	0.449	0.911	0.463	0.569
7nx3_54_1	0.443	0.653	0.774	0.749	2.125	0.834	0.445	0.786
7nx3_80_4	0.431	0.516	0.661	0.988	4.540	0.707	0.477	0.681
7nx3_33_3	0.365	0.633	0.612	0.422	0.863	0.669	0.469	0.646
7nx3_98_2	0.340	0.705	0.943	0.608	1.685	0.823	0.593	0.726
7nx3_65_2	0.489	0.686	1.029	1.073	4.276	1.119	0.548	0.661
7nx3_33_4	0.394	0.503	0.880	0.747	0.722	0.816	0.339	0.515
7nx3_80_3	0.402	0.832	1.224	0.912	4.011	1.197	0.757	0.739
7nx3_50_4	0.331	0.515	0.504	0.607	0.830	0.737	0.392	0.619
7nx3_34_0	0.355	0.682	0.943	0.657	1.619	0.953	0.461	0.651
7nx3_50_3	0.417	0.620	0.479	0.526	0.733	0.839	0.468	0.685
7nx3_62_1	0.378	0.694	0.963	0.814	0.977	0.954	0.481	0.710
7nx3_52_2	0.373	0.632	0.806	0.555	1.106	0.924	0.410	0.700
7nx3_6_0	0.369	0.607	0.795	0.571	1.518	0.587	0.347	0.541
7nx3_46_3	0.318	0.438	0.591	0.447	1.033	0.628	0.380	0.596
7nx3_46_4	0.335	0.648	0.787	0.663	0.759	0.684	0.416	0.534
7nx3_65_1	0.447	0.656	1.159	0.991	3.554	1.139	0.525	0.720
7nx3_98_1	0.365	0.625	0.788	0.534	0.686	0.665	0.370	0.579
7nx3_80_0	0.412	0.728	1.215	1.164	4.254	1.294	0.669	0.505
7nx3_33_0	0.358	0.693	1.188	0.768	3.776	0.777	0.402	0.567
7nx3_50_0	0.373	0.656	0.865	0.722	0.960	0.974	0.403	0.653
7nx3_62_2	0.352	0.647	0.688	0.568	0.740	0.850	0.458	0.651
7nx3_34_4	0.339	0.591	0.726	0.522	0.807	0.836	0.383	0.562
7nx3_34_3	0.360	0.708	0.834	0.614	1.193	0.875	0.542	0.783
7nx3_52_1	0.362	0.694	0.952	0.621	2.087	0.910	0.418	0.605
7nx3_6_3	0.340	0.699	1.034	0.700	1.288	0.887	0.560	0.698
7nx3_6_4	0.364	0.708	0.996	0.599	0.537	0.698	0.440	0.555
7nx3_46_0	0.339	0.590	0.648	0.619	0.452	0.648	0.395	0.579
7nx3_13_0	0.399	0.695	0.898	0.666	1.887	0.888	0.479	0.708
7nx3_18_4	0.327	0.564	0.546	0.375	0.955	0.529	0.360	0.485
7nx3_39_3	0.308	0.619	0.862	0.615	1.007	0.604	0.436	0.522
7nx3_39_4	0.326	0.638	0.781	0.594	1.106	0.726	0.443	0.551
7nx3_18_3	0.392	0.656	0.879	0.699	0.620	0.930	0.451	0.704
7nx3_63_2	0.358	0.747	1.162	0.744	1.624	0.802	0.585	0.665
7nx3_37_2	0.316	0.628	0.898	0.563	0.624	0.948	0.398	0.669
7nx3_97_0	0.387	0.611	0.491	0.638	0.821	0.783	0.377	0.551
7nx3_66_0	0.395	0.633	0.661	0.511	0.752	0.766	0.416	0.600
7nx3_54_2	0.386	0.694	0.966	0.776	2.011	0.828	0.467	0.678
7nx3_75_2	0.350	0.657	0.746	0.560	1.217	0.764	0.471	0.601
7nx3_28_0	0.373	0.643	0.771	0.741	1.977	0.935	0.406	0.653
7nx3_46_1	0.387	0.524	0.839	0.645	0.700	0.727	0.373	0.658
7nx3_52_0	0.451	0.711	0.707	0.914	3.846	0.998	0.393	0.452
7nx3_6_2	0.362	0.694	0.839	0.780	0.850	0.826	0.499	0.580
7nx3_62_4	0.396	0.731	0.814	0.519	0.739	0.744	0.504	0.675
7nx3_34_2	0.367	0.654	0.692	0.622	0.901	0.883	0.425	0.657
7nx3_50_1	0.373	0.694	0.878	0.620	0.857	1.024	0.503	0.748
7nx3_62_3	0.406	0.662	0.532	0.547	0.778	0.786	0.453	0.685
7nx3_33_1	0.365	0.685	0.904	0.672	0.844	0.877	0.479	0.644
7nx3_98_0	0.373	0.676	0.784	0.658	0.961	0.738	0.385	0.599
7nx3_65_0	0.444	0.659	1.004	0.943	2.444	1.007	0.440	0.668
7nx3_80_1	0.493	0.766	1.263	1.083	4.777	1.324	0.587	0.457
7nx3_54_4	0.419	0.698	0.904	0.832	2.329	0.774	0.458	0.622
7nx3_75_3	0.379	0.744	0.966	0.712	0.878	0.878	0.522	0.630
7nx3_28_1	0.362	0.760	0.959	0.604	0.794	0.888	0.402	0.659
7nx3_75_4	0.417	0.658	0.706	0.726	0.955	0.955	0.450	0.598
7nx3_66_1	0.378	0.634	0.643	0.558	0.673	0.832	0.397	0.631
7nx3_54_3	0.439	0.713	1.206	0.824	2.199	0.946	0.511	0.801
7nx3_37_3	0.372	0.783	1.069	0.675	0.752	0.913	0.474	0.663
7nx3_97_1	0.385	0.601	0.795	0.816	0.793	0.964	0.453	0.611
7nx3_37_4	0.383	0.684	0.916	0.636	0.827	0.850	0.516	0.688
7nx3_63_4	0.347	0.648	0.587	0.527	0.519	0.464	0.293	0.532
7nx3_63_3	0.364	0.707	0.966	0.710	2.892	0.938	0.528	0.665
7nx3_18_2	0.404	0.635	0.925	0.698	0.646	0.798	0.414	0.570
7nx3_13_1	0.434	0.738	1.082	0.844	1.143	1.111	0.578	0.798
7nx3_39_2	0.353	0.672	0.969	0.707	0.833	0.957	0.562	0.737
7n4j_62_1	0.608	0.440	1.775	1.171	2.305	0.447	0.602	1.563
7n4j_50_3	0.617	0.484	2.122	1.062	1.825	0.643	0.675	1.859
7n4j_34_0	0.612	0.513	2.004	1.188	2.538	0.642	0.689	1.847
7n4j_50_4	0.641	0.407	0.697	0.887	1.899	0.307	0.400	1.578
7n4j_80_3	0.604	0.386	0.634	1.056	1.403	0.379	0.355	1.591
7n4j_33_4	0.581	0.436	0.769	1.058	1.745	0.681	0.596	1.554
7n4j_98_2	0.639	0.456	2.097	0.952	1.908	0.538	0.518	1.622
7n4j_65_2	0.609	0.404	0.948	1.169	1.852	0.411	0.442	1.592
7n4j_6_1	0.586	0.379	0.658	0.947	1.949	0.419	0.511	1.703
7n4j_33_3	0.619	0.436	0.594	1.027	2.284	0.472	0.476	1.752
7n4j_80_4	0.611	0.449	0.755	1.185	1.411	0.634	0.630	1.824
7n4j_46_4	0.582	0.442	0.631	1.193	1.296	0.621	0.668	1.694
7n4j_46_3	0.618	0.402	1.911	1.017	1.240	0.546	0.489	1.732
7n4j_52_2	0.620	0.421	2.019	1.132	1.421	0.475	0.531	1.683
7n4j_63_1	0.584	0.426	0.843	1.087	1.397	0.389	0.482	1.625
7n4j_39_0	0.617	0.417	0.503	0.947	2.318	0.522	0.540	1.743
7n4j_13_3	0.600	0.387	0.649	1.059	2.460	0.447	0.450	1.675
7n4j_18_0	0.594	0.367	0.924	0.930	1.389	0.309	0.399	1.579
7n4j_13_4	0.648	0.411	0.690	1.380	2.460	0.398	0.537	1.898
7n4j_54_1	0.577	0.385	2.000	1.002	1.910	0.409	0.471	1.544
7n4j_66_3	0.634	0.467	0.577	1.366	1.333	0.523	0.569	1.721
7n4j_28_4	0.621	0.537	2.044	2.123	2.441	0.529	0.507	1.530
7n4j_28_3	0.647	0.419	0.784	0.886	1.272	0.436	0.498	1.632
7n4j_75_1	0.589	0.377	0.769	0.943	1.372	0.407	0.472	1.602
7n4j_66_4	0.630	0.451	0.806	1.120	1.448	0.544	0.605	1.657
7n4j_97_4	0.595	0.418	0.889	1.275	2.591	0.496	0.513	1.659
7n4j_97_3	0.607	0.455	2.075	1.232	2.499	0.702	0.634	1.795
7n4j_37_1	0.573	0.381	0.655	0.973	3.168	0.441	0.474	1.632
7n4j_52_4	0.609	0.456	2.077	0.881	1.501	0.485	0.552	1.710
7n4j_52_3	0.600	0.353	0.936	0.838	1.821	0.358	0.498	1.648
7n4j_46_2	0.634	0.452	1.954	1.196	1.880	0.506	0.573	1.601
7n4j_6_0	0.644	0.448	2.176	0.865	2.882	0.466	0.546	1.623
7n4j_33_2	0.640	0.507	1.968	0.966	1.658	0.376	0.394	1.541
7n4j_65_4	0.599	0.382	0.861	0.958	2.396	0.331	0.490	1.579
7n4j_98_4	0.630	0.419	0.659	0.874	2.997	0.466	0.546	1.712
7n4j_80_2	0.576	0.367	0.693	1.149	2.149	0.390	0.428	1.590
7n4j_65_3	0.600	0.398	0.957	0.837	2.350	0.451	0.431	1.629
7n4j_98_3	0.635	0.439	0.774	1.052	1.734	0.516	0.556	1.673
7n4j_34_1	0.680	0.461	1.437	1.014	1.901	0.304	0.421	1.678
7n4j_62_0	0.590	0.373	1.872	1.000	1.326	0.280	0.365	1.617
7n4j_50_2	0.611	0.403	1.932	0.986	2.899	0.366	0.414	1.611
7n4j_97_2	0.610	0.406	0.776	0.950	2.246	0.565	0.559	1.699
7n4j_37_0	0.598	0.380	0.838	0.959	1.178	0.327	0.416	1.547
7n4j_28_2	0.607	0.393	1.002	0.851	1.323	0.243	0.395	1.562
7n4j_75_0	0.603	0.378	2.133	0.903	2.546	0.228	0.365	1.578
7n4j_54_0	0.603	0.410	0.928	0.998	1.644	0.613	0.557	1.770
7n4j_66_2	0.626	0.505	0.633	1.122	1.376	0.668	0.659	1.725
7n4j_18_1	0.598	0.372	1.035	1.095	2.285	0.265	0.412	1.606
7n4j_39_1	0.599	0.396	0.948	1.029	2.621	0.354	0.484	1.684
7n4j_13_2	0.609	0.483	0.778	0.976	1.851	0.301	0.380	1.520
7n4j_63_0	0.654	0.431	0.558	0.961	1.887	0.495	0.524	1.712
7n4j_37_4	0.635	0.400	0.734	1.130	1.868	0.567	0.455	1.798
7n4j_97_1	0.628	0.426	0.766	1.141	1.786	0.422	0.478	1.604
7n4j_37_3	0.632	0.397	1.964	0.918	2.897	0.363	0.446	1.757
7n4j_54_3	0.602	0.371	0.711	1.069	1.415	0.418	0.432	1.636
7n4j_66_1	0.605	0.390	1.962	0.956	2.356	0.532	0.491	1.676
7n4j_75_4	0.600	0.481	2.522	0.761	1.694	0.241	0.364	1.605
7n4j_28_1	0.598	0.379	0.785	0.897	2.311	0.384	0.496	1.584
7n4j_75_3	0.616	0.380	1.025	0.898	2.048	0.270	0.421	1.603
7n4j_54_4	0.584	0.442	0.581	0.850	1.187	0.425	0.541	1.638
7n4j_39_2	0.618	0.410	2.222	0.862	2.116	0.323	0.383	1.585
7n4j_13_1	0.596	0.439	0.430	0.934	2.562	0.574	0.506	1.646
7n4j_18_2	0.630	0.490	1.746	1.053	2.325	0.410	0.527	1.557
7n4j_63_3	0.604	0.343	2.203	0.876	1.770	0.293	0.384	1.661
7n4j_63_4	0.638	0.592	2.131	0.995	1.625	0.439	0.578	1.638
7n4j_52_0	0.603	0.421	0.779	1.011	2.217	0.543	0.611	1.680
7n4j_46_1	0.593	0.344	0.797	1.267	1.353	0.278	0.435	1.644
7n4j_80_1	0.605	0.439	0.566	0.906	2.895	0.586	0.589	1.729
7n4j_6_4	0.652	0.430	0.767	1.133	2.304	0.314	0.397	1.649
7n4j_98_0	0.591	0.392	0.689	1.026	1.224	0.407	0.532	1.617
7n4j_65_0	0.619	0.414	0.733	1.024	1.423	0.399	0.463	1.668
7n4j_33_1	0.682	0.499	2.072	0.730	2.064	0.509	0.337	1.609
7n4j_6_3	0.660	0.482	0.843	1.233	2.589	0.519	0.539	1.809
7n4j_62_3	0.621	0.407	1.891	1.200	1.440	0.442	0.506	1.734
7n4j_50_1	0.662	0.466	1.837	1.039	2.659	0.534	0.596	1.883
7n4j_34_2	0.620	0.452	0.637	1.226	1.323	0.630	0.600	1.716
7n4j_62_4	0.620	0.449	0.568	1.344	1.791	0.680	0.612	1.780
7n4j_63_2	0.586	0.374	1.056	0.938	1.377	0.314	0.394	1.549
7n4j_18_3	0.645	0.416	0.737	1.239	1.412	0.277	0.438	1.694
7n4j_39_4	0.610	0.370	0.821	0.938	2.606	0.384	0.480	1.773
7n4j_39_3	0.660	0.577	0.795	1.062	1.936	0.563	0.660	1.709
7n4j_18_4	0.593	0.379	1.071	1.142	2.010	0.224	0.352	1.546
7n4j_13_0	0.626	0.426	1.282	1.002	2.663	0.472	0.512	1.562
7n4j_28_0	0.595	0.418	2.114	0.829	2.069	0.514	0.522	1.571
7n4j_75_2	0.593	0.403	0.850	1.168	1.369	0.500	0.516	1.647
7n4j_54_2	0.612	0.530	1.109	1.158	1.931	0.473	0.567	1.701
7n4j_66_0	0.598	0.396	1.924	0.951	2.180	0.366	0.476	1.722
7n4j_97_0	0.622	0.418	0.769	0.998	2.267	0.439	0.530	1.769
7n4j_37_2	0.606	0.393	2.082	1.095	2.567	0.413	0.359	1.612
7n4j_34_3	0.614	0.479	2.041	1.036	1.562	0.682	0.623	1.726
7n4j_34_4	0.625	0.472	0.988	0.936	2.433	0.650	0.601	1.734
7n4j_62_2	0.644	0.466	1.009	0.967	2.394	0.581	0.572	1.810
7n4j_50_0	0.602	0.423	0.692	0.993	1.301	0.512	0.549	1.626
7n4j_33_0	1.175	0.910	1.806	1.081	3.049	0.388	0.428	1.895
7n4j_6_2	0.615	0.360	0.720	0.851	2.560	0.269	0.308	1.675
7n4j_80_0	0.603	0.368	1.016	0.686	1.219	0.262	0.386	1.596
7n4j_65_1	0.611	0.494	1.273	1.008	2.622	0.631	0.587	1.625
7n4j_98_1	0.612	0.415	1.021	1.127	2.104	0.381	0.470	1.530
7n4j_46_0	0.643	0.404	1.924	0.915	2.777	0.385	0.510	1.782
7n4j_52_1	0.646	0.461	0.782	0.960	1.938	0.470	0.628	1.622
7phu_62_2	0.408	0.498	0.672	0.349	1.558	0.628	0.594	0.502
7phu_50_0	0.364	0.435	0.571	0.386	3.411	0.385	0.448	0.523
7phu_34_4	0.396	0.462	0.539	0.317	2.660	0.541	0.574	0.693
7phu_34_3	0.399	0.468	0.650	0.411	3.475	0.436	0.585	0.528
7phu_65_1	0.384	0.472	0.482	0.353	1.898	0.518	0.580	0.611
7phu_98_1	0.439	0.537	0.645	0.578	3.290	0.573	0.711	0.560
7phu_80_0	0.417	0.483	0.424	0.363	1.899	0.575	0.537	0.659
7phu_33_0	0.439	0.491	0.484	0.300	3.091	0.612	0.605	0.637
7phu_46_0	0.447	0.533	0.763	0.506	0.988	0.696	0.738	0.630
7phu_52_1	0.409	0.524	0.465	0.372	3.957	0.673	0.812	0.685
7phu_63_2	0.423	0.519	0.571	0.433	0.926	0.586	0.619	0.689
7phu_18_4	0.374	0.420	0.582	0.304	2.825	0.424	0.374	0.444
7phu_13_0	0.424	0.551	0.457	0.369	2.936	0.681	0.714	0.684
7phu_39_3	0.375	0.479	0.370	0.287	3.193	0.465	0.454	0.555
7phu_39_4	0.414	0.466	0.464	0.345	2.319	0.547	0.624	0.596
7phu_18_3	0.413	0.486	0.648	0.397	4.052	0.670	0.569	0.569
7phu_54_2	0.408	0.539	0.689	0.384	4.050	0.627	0.559	0.510
7phu_66_0	0.370	0.489	0.713	0.484	0.745	0.530	0.645	0.462
7phu_75_2	0.393	0.480	0.708	0.398	3.479	0.604	0.582	0.501
7phu_6_1	0.417	0.485	0.487	0.402	3.555	0.702	0.504	0.608
7phu_28_0	0.410	0.479	0.512	0.405	1.676	0.544	0.624	0.631
7phu_37_2	0.411	0.531	0.852	0.496	3.765	0.757	0.664	0.551
7phu_97_0	0.392	0.506	0.773	0.400	1.916	0.476	0.426	0.520
7phu_52_0	0.418	0.469	0.639	0.299	2.851	0.446	0.429	0.817
7phu_46_1	0.399	0.431	0.417	0.291	1.546	0.472	0.452	0.724
7phu_33_1	0.420	0.457	0.430	0.320	3.448	0.516	0.486	0.546
7phu_98_0	0.418	0.523	0.762	0.504	3.619	0.745	0.777	0.584
7phu_65_0	0.377	0.452	0.526	0.320	4.555	0.498	0.529	0.501
7phu_80_1	0.373	0.485	0.533	0.454	1.582	0.539	0.621	0.607
7phu_62_4	0.383	0.454	0.664	0.435	1.620	0.608	0.585	0.578
7phu_34_2	0.375	0.494	0.631	0.347	4.365	0.453	0.453	0.429
7phu_62_3	0.374	0.469	0.575	0.441	1.127	0.467	0.621	0.576
7phu_50_1	0.404	0.512	0.689	0.416	3.327	0.545	0.650	0.579
7phu_37_3	0.403	0.478	0.376	0.425	3.099	0.594	0.588	0.622
7phu_97_1	0.399	0.481	0.643	0.350	4.234	0.488	0.558	0.537
7phu_37_4	0.406	0.540	0.521	0.321	4.192	0.590	0.608	0.617
7phu_54_4	0.406	0.549	0.844	0.494	3.283	0.510	0.711	0.618
7phu_75_3	0.385	0.434	0.558	0.441	1.437	0.455	0.523	0.530
7phu_6_0	0.404	0.467	0.362	0.335	0.851	0.469	0.498	0.496
7phu_28_1	0.401	0.509	0.615	0.348	2.554	0.557	0.612	0.679
7phu_75_4	0.412	0.489	0.675	0.309	1.355	0.684	0.568	0.544
7phu_54_3	0.437	0.528	0.821	0.532	3.514	0.682	0.665	0.497
7phu_66_1	0.397	0.488	0.529	0.463	2.078	0.570	0.628	0.661
7phu_18_2	0.410	0.448	0.579	0.353	3.545	0.604	0.520	0.599
7phu_13_1	0.440	0.522	0.680	0.505	0.958	0.599	0.598	0.576
7phu_39_2	0.396	0.500	0.589	0.318	3.583	0.616	0.640	0.603
7phu_63_4	0.415	0.501	0.753	0.444	3.611	0.442	0.459	0.608
7phu_63_3	0.395	0.486	0.573	0.466	2.329	0.578	0.617	0.539
7phu_37_0	0.385	0.467	0.577	0.319	1.148	0.429	0.561	0.542
7phu_97_2	0.402	0.539	0.524	0.420	2.786	0.491	0.635	0.523
7phu_6_4	0.380	0.474	0.702	0.505	3.280	0.622	0.644	0.581
7phu_54_0	0.412	0.457	0.629	0.291	1.625	0.542	0.515	0.678
7phu_66_2	0.420	0.506	0.777	0.432	3.615	0.478	0.598	0.663
7phu_75_0	0.381	0.469	0.445	0.456	2.916	0.538	0.479	0.593
7phu_6_3	0.389	0.498	0.735	0.306	1.389	0.499	0.616	0.530
7phu_28_2	0.390	0.484	0.521	0.376	4.194	0.637	0.490	0.527
7phu_13_2	0.405	0.517	0.664	0.429	3.218	0.601	0.771	0.638
7phu_39_1	0.400	0.551	0.728	0.626	3.426	0.607	0.795	0.628
7phu_18_1	0.409	0.527	0.424	0.486	3.259	0.738	0.712	0.660
7phu_63_0	0.390	0.506	0.547	0.427	2.611	0.569	0.675	0.541
7phu_52_3	0.392	0.464	0.538	0.381	3.089	0.548	0.602	0.563
7phu_52_4	0.396	0.485	0.588	0.439	0.961	0.541	0.589	0.492
7phu_46_2	0.488	0.506	0.604	0.382	4.752	0.392	0.512	0.607
7phu_65_3	0.372	0.442	0.485	0.339	1.139	0.469	0.601	0.480
7phu_98_3	0.409	0.496	0.543	0.434	1.264	0.572	0.657	0.567
7phu_80_2	0.449	0.509	0.683	0.350	3.090	0.545	0.620	0.477
7phu_65_4	0.407	0.492	0.449	0.378	1.360	0.593	0.723	0.720
7phu_98_4	0.391	0.445	0.478	0.321	2.375	0.458	0.512	0.534
7phu_33_2	0.371	0.454	0.406	0.383	2.639	0.498	0.492	0.620
7phu_62_0	0.402	0.477	0.672	0.440	1.871	0.481	0.685	0.456
7phu_50_2	0.414	0.469	0.529	0.308	2.014	0.433	0.523	0.796
7phu_34_1	0.391	0.481	0.568	0.508	0.957	0.522	0.720	0.563
7phu_63_1	0.400	0.506	0.784	0.433	2.065	0.701	0.518	0.553
7phu_18_0	0.416	0.499	0.546	0.369	3.271	0.587	0.647	0.763
7phu_13_4	0.391	0.453	0.501	0.344	3.683	0.547	0.586	0.605
7phu_13_3	0.396	0.475	0.578	0.255	2.758	0.458	0.518	0.531
7phu_39_0	0.396	0.483	0.373	0.433	1.097	0.678	0.617	0.624
7phu_66_4	0.421	0.577	0.721	0.435	3.044	0.643	0.652	0.479
7phu_75_1	0.383	0.425	0.478	0.300	3.125	0.420	0.448	0.555
7phu_6_2	0.378	0.478	0.621	0.329	1.858	0.426	0.587	0.532
7phu_28_3	0.400	0.480	0.540	0.410	1.170	0.614	0.616	0.476
7phu_28_4	0.391	0.494	0.730	0.485	1.010	0.460	0.553	0.519
7phu_54_1	0.387	0.480	0.420	0.359	1.273	0.663	0.640	0.574
7phu_66_3	0.411	0.514	0.654	0.341	1.321	0.458	0.620	0.481
7phu_37_1	0.391	0.476	0.664	0.377	1.460	0.458	0.475	0.484
7phu_97_3	0.429	0.464	0.481	0.389	3.618	0.635	0.630	0.551
7phu_97_4	0.415	0.522	0.528	0.350	2.607	0.651	0.637	0.541
7phu_50_4	0.378	0.529	0.742	0.482	4.688	0.623	0.565	0.513
7phu_34_0	0.417	0.557	0.405	0.333	1.943	0.502	0.444	0.608
7phu_62_1	0.399	0.469	0.379	0.347	3.965	0.543	0.548	0.591
7phu_50_3	0.391	0.494	0.559	0.411	1.814	0.669	0.600	0.578
7phu_80_4	0.411	0.494	0.598	0.375	2.352	0.450	0.578	0.643
7phu_33_3	0.410	0.471	0.661	0.478	3.166	0.638	0.534	0.460
7phu_98_2	0.436	0.487	0.652	0.369	1.803	0.539	0.490	0.489
7phu_65_2	0.407	0.531	0.442	0.428	2.544	0.576	0.693	1.032
7phu_33_4	0.387	0.478	0.615	0.405	1.926	0.479	0.471	0.372
7phu_80_3	0.408	0.530	0.845	0.491	4.165	0.614	0.662	0.434
7phu_46_3	0.416	0.519	0.642	0.343	4.618	0.456	0.667	0.785
7phu_46_4	0.430	0.474	0.525	0.386	0.995	0.506	0.574	0.609
7phu_52_2	0.422	0.521	0.551	0.454	0.871	0.611	0.516	0.605
7np1_46_2	0.934	0.830	0.755	1.259	5.122	1.687	0.482	2.348
7np1_52_3	1.011	0.910	0.922	1.309	5.299	1.875	0.480	2.209
7np1_52_4	0.758	0.691	0.596	0.798	5.263	0.964	0.472	1.835
7np1_62_0	0.946	0.868	0.814	1.225	5.049	1.621	0.347	2.070
7np1_50_2	0.962	0.911	1.105	1.889	5.012	1.879	0.492	2.096
7np1_34_1	0.845	0.850	1.034	1.574	5.928	1.611	0.271	1.821
7np1_98_3	0.926	0.837	0.729	1.151	6.007	1.602	0.284	2.016
7np1_65_3	1.001	0.983	0.721	0.924	4.958	1.807	0.404	2.390
7np1_80_2	0.923	0.875	0.902	1.184	5.047	1.706	0.265	2.099
7np1_33_2	0.947	0.774	0.686	1.265	4.952	1.609	0.272	2.205
7np1_98_4	0.974	0.871	0.899	1.440	6.082	1.685	0.221	2.030
7np1_65_4	0.999	0.949	0.850	1.223	4.976	2.048	0.669	2.398
7np1_54_0	0.965	0.790	0.803	1.163	5.996	1.383	0.248	2.194
7np1_66_2	0.944	0.930	0.971	1.431	4.909	2.047	0.511	2.204
7np1_28_2	0.956	0.860	0.953	1.490	4.993	1.811	0.259	2.116
7np1_75_0	0.768	0.790	1.056	1.753	5.054	1.762	0.322	1.821
7np1_6_1	0.985	0.905	0.797	1.208	5.003	1.784	0.237	2.266
7np1_97_2	0.963	0.848	0.902	1.367	5.017	1.812	0.369	2.092
7np1_37_0	1.041	1.045	1.193	1.801	5.106	2.079	0.411	2.168
7np1_63_0	0.987	0.873	0.863	1.381	5.268	1.795	0.359	2.225
7np1_13_2	0.962	0.872	1.021	1.511	5.020	1.830	0.369	2.044
7np1_39_1	0.994	0.951	0.894	1.196	4.938	1.843	0.436	2.272
7np1_18_1	0.789	0.936	0.701	0.612	6.673	1.351	0.706	2.276
7np1_80_4	0.973	0.903	0.881	1.406	5.022	1.907	0.298	2.145
7np1_33_3	1.003	0.890	0.780	0.956	5.871	2.013	0.551	2.448
7np1_33_4	0.812	0.780	0.586	0.671	5.176	1.050	0.635	1.969
7np1_65_2	0.832	0.878	0.877	1.513	6.370	2.062	0.748	2.095
7np1_98_2	0.979	0.961	0.874	1.274	5.927	1.847	0.357	2.097
7np1_80_3	1.009	0.790	0.943	1.431	4.984	1.580	0.301	2.576
7np1_34_0	0.976	0.883	1.496	1.289	5.859	1.819	0.377	2.181
7np1_50_4	1.000	0.944	0.898	1.391	4.925	1.789	0.349	2.156
7np1_62_1	0.926	0.799	0.773	1.182	5.003	1.514	0.232	2.180
7np1_50_3	0.963	1.023	0.800	1.269	5.075	1.804	0.294	2.133
7np1_52_2	0.980	0.855	0.763	0.914	5.059	1.681	0.571	2.393
7np1_46_3	0.952	0.862	0.787	1.156	5.028	1.565	0.309	2.184
7np1_46_4	0.839	0.818	0.772	1.399	4.858	1.578	0.341	1.785
7np1_18_0	0.988	1.012	0.903	1.061	5.383	1.805	0.451	2.295
7np1_13_4	0.964	0.866	1.089	1.694	4.964	1.764	0.335	2.069
7np1_13_3	0.792	0.793	0.732	1.186	5.049	1.213	0.330	1.513
7np1_39_0	0.967	1.001	0.893	0.636	5.321	1.736	0.649	2.405
7np1_63_1	0.975	0.803	0.746	1.218	5.967	1.679	0.463	2.265
7np1_6_0	0.981	0.899	0.675	0.934	4.832	1.987	0.433	2.231
7np1_97_3	0.989	0.883	0.875	1.757	5.029	1.871	0.335	2.226
7np1_37_1	0.859	0.779	1.028	1.547	4.943	1.624	0.356	1.776
7np1_97_4	0.938	0.817	1.041	1.775	5.027	1.782	0.421	2.065
7np1_66_4	0.955	0.906	0.900	1.303	5.021	1.902	0.457	2.202
7np1_28_3	0.928	0.814	0.932	1.606	4.995	1.699	0.417	2.055
7np1_75_1	0.970	0.847	0.773	1.373	4.837	1.695	0.207	2.204
7np1_28_4	0.955	0.983	0.840	1.369	5.509	1.930	0.523	2.862
7np1_54_1	0.967	1.005	0.891	0.902	5.213	1.537	0.441	2.290
7np1_66_3	0.905	0.785	0.779	1.258	6.014	1.723	0.387	1.941
7np1_18_4	0.955	0.794	0.738	1.039	4.923	1.684	0.569	2.361
7np1_13_0	0.958	0.916	0.963	1.678	4.970	1.874	0.380	2.061
7np1_39_3	0.937	0.940	0.888	0.814	5.556	1.319	0.729	2.440
7np1_39_4	0.978	0.886	0.766	0.732	6.640	1.542	0.633	2.499
7np1_18_3	0.780	0.938	0.759	0.683	5.205	1.451	1.001	2.445
7np1_63_2	0.991	0.810	0.802	1.215	5.483	1.751	0.437	2.175
7np1_6_4	0.958	0.772	0.875	1.287	5.118	1.574	0.487	2.322
7np1_6_3	0.980	0.840	0.866	1.213	5.640	1.702	0.283	2.295
7np1_97_0	0.948	0.904	0.891	1.350	5.050	1.981	0.578	2.230
7np1_37_2	0.988	0.963	0.970	1.599	4.891	2.098	0.452	2.248
7np1_54_2	0.842	0.758	0.670	0.696	5.308	1.253	0.532	2.066
7np1_66_0	1.001	0.903	1.028	1.757	5.009	1.846	0.428	2.130
7np1_28_0	0.880	0.844	0.730	1.268	5.251	1.919	0.336	2.009
7np1_75_2	0.827	0.787	0.920	1.333	5.183	1.580	0.273	1.618
7np1_98_1	0.929	1.009	0.923	1.685	5.998	1.942	0.465	2.206
7np1_65_1	0.898	0.951	0.886	1.103	5.068	1.631	0.530	2.354
7np1_80_0	0.908	0.880	0.896	0.924	5.023	1.410	0.281	2.037
7np1_33_0	0.971	1.079	0.848	0.531	5.386	1.581	0.713	2.519
7np1_34_4	0.974	0.868	0.865	1.560	6.048	1.758	0.260	2.066
7np1_62_2	0.982	0.926	1.064	1.516	5.462	1.877	0.346	2.055
7np1_50_0	0.944	0.870	0.932	1.417	5.068	1.720	0.264	2.073
7np1_34_3	0.805	0.798	0.912	1.627	5.987	1.593	0.252	1.795
7np1_52_1	0.842	0.823	0.644	0.912	5.726	1.457	0.550	2.158
7np1_46_0	0.960	0.937	0.845	1.400	5.037	1.928	0.465	2.123
7np1_54_4	1.012	1.056	0.888	1.363	4.999	1.850	0.292	2.221
7np1_28_1	0.771	0.782	0.696	0.804	5.149	1.049	0.493	1.417
7np1_75_3	0.962	0.842	1.015	1.427	4.841	1.793	0.292	2.112
7np1_75_4	0.878	0.971	0.825	1.323	4.857	2.023	0.505	1.922
7np1_54_3	0.998	0.837	0.941	1.209	5.297	1.505	0.359	2.372
7np1_66_1	0.943	0.858	0.995	1.527	5.019	1.637	0.247	2.022
7np1_6_2	0.963	0.807	0.687	1.047	5.727	1.776	0.466	2.188
7np1_97_1	0.986	1.019	0.868	1.468	4.874	1.845	0.235	2.112
7np1_37_3	0.868	0.755	0.711	1.169	5.153	1.280	0.204	1.925
7np1_37_4	0.954	0.965	0.951	1.087	5.098	1.568	0.323	2.274
7np1_63_4	0.912	0.745	0.690	0.961	4.954	1.423	0.526	2.310
7np1_63_3	0.993	0.850	0.993	1.287	5.669	2.020	0.558	2.216
7np1_18_2	0.746	0.714	0.569	0.668	6.466	0.820	0.490	1.755
7np1_13_1	0.959	1.006	1.011	1.656	4.984	2.055	0.321	2.137
7np1_39_2	0.818	0.979	0.869	0.546	5.690	1.234	0.993	2.474
7np1_46_1	0.935	0.778	0.918	1.455	4.965	1.736	0.359	2.118
7np1_52_0	0.914	0.761	0.671	0.915	5.663	1.607	0.400	2.232
7np1_34_2	0.902	0.866	0.855	1.189	6.008	1.699	0.280	2.013
7np1_62_4	0.850	0.909	0.996	1.730	5.081	1.920	0.338	1.940
7np1_62_3	0.770	0.725	0.543	0.960	5.091	1.227	0.402	1.865
7np1_50_1	0.938	0.900	1.287	1.854	4.964	1.979	0.484	2.150
7np1_33_1	0.956	0.776	0.774	1.167	5.003	1.654	0.331	2.297
7np1_65_0	0.984	0.876	0.828	1.320	5.995	1.865	0.460	2.309
7np1_98_0	0.974	0.853	0.886	1.361	5.995	1.662	0.354	2.125
7np1_80_1	0.822	0.827	0.776	1.527	5.124	1.691	0.294	1.796
7pr0_52_1	0.943	0.808	0.288	0.569	11.117	1.114	0.573	2.520
7pr0_46_0	1.001	0.840	0.356	1.040	11.839	1.749	0.475	2.612
7pr0_80_0	0.975	0.791	0.568	0.508	11.042	1.247	0.488	2.588
7pr0_65_1	1.067	0.826	0.336	0.669	12.291	1.230	0.242	2.806
7pr0_98_1	1.019	0.630	0.262	0.528	13.316	0.740	0.258	2.950
7pr0_33_0	1.110	0.710	0.337	0.491	13.221	1.077	0.252	3.021
7pr0_6_2	0.844	0.578	0.520	0.388	3.535	0.504	0.388	2.475
7pr0_34_4	0.951	0.645	0.376	0.607	11.737	0.813	0.432	2.599
7pr0_62_2	0.842	0.681	0.391	0.552	12.803	0.931	0.371	2.358
7pr0_50_0	1.085	0.707	0.290	0.674	13.079	0.778	0.256	3.068
7pr0_34_3	0.961	0.795	0.358	0.545	13.211	0.950	0.230	2.615
7pr0_97_0	0.988	0.708	0.539	0.508	5.769	1.091	0.402	2.672
7pr0_37_2	0.976	0.804	0.445	0.637	11.859	1.297	0.477	2.512
7pr0_54_2	0.975	0.737	0.599	0.628	12.716	1.010	0.545	2.649
7pr0_66_0	0.992	0.803	0.280	0.535	13.160	1.054	0.268	2.824
7pr0_28_0	0.966	0.739	0.311	0.615	11.799	0.884	0.331	2.570
7pr0_75_2	1.015	0.773	0.341	0.612	13.026	1.133	0.304	2.800
7pr0_39_3	0.960	0.783	0.373	0.538	13.326	0.988	0.274	2.608
7pr0_18_4	1.022	0.805	0.348	0.731	10.280	1.199	0.327	2.712
7pr0_13_0	1.070	0.772	0.312	0.564	14.119	1.515	0.305	2.822
7pr0_18_3	0.519	0.626	0.517	0.659	12.366	0.785	0.575	0.699
7pr0_39_4	0.963	0.809	0.465	0.544	11.572	1.357	0.527	2.514
7pr0_63_2	0.965	0.817	0.913	0.867	12.471	1.406	0.650	2.509
7pr0_34_2	0.958	0.754	0.317	0.572	13.126	1.304	0.410	2.546
7pr0_62_4	1.066	0.927	0.337	0.604	13.307	1.251	0.413	2.892
7pr0_62_3	1.191	0.717	0.320	0.700	13.569	0.982	0.286	3.378
7pr0_50_1	1.106	0.761	0.470	0.539	13.501	1.031	0.225	3.179
7pr0_33_1	1.123	0.685	0.309	0.489	11.195	1.334	0.329	3.110
7pr0_6_3	1.259	0.945	0.723	0.862	12.332	1.730	0.607	3.401
7pr0_80_1	1.071	0.791	0.393	0.425	13.121	1.195	0.280	2.840
7pr0_6_4	1.101	0.710	0.318	0.594	13.410	1.053	0.277	3.062
7pr0_98_0	0.890	0.604	0.314	0.428	13.255	0.665	0.342	2.508
7pr0_65_0	0.910	0.640	0.351	0.490	13.153	1.185	0.336	2.488
7pr0_46_1	1.202	0.828	0.501	0.710	13.269	1.452	0.412	3.269
7pr0_52_0	0.968	0.751	0.350	0.446	4.875	1.177	0.351	2.543
7pr0_63_4	0.893	0.696	0.317	0.497	11.199	1.099	0.332	2.432
7pr0_63_3	1.219	0.712	0.293	0.589	12.913	1.033	0.318	3.438
7pr0_18_2	1.111	0.743	0.342	0.541	13.069	1.292	0.314	2.973
7pr0_39_2	0.829	0.673	0.334	0.492	13.186	0.710	0.419	2.206
7pr0_13_1	1.153	0.809	0.359	0.589	12.756	1.247	0.380	3.116
7pr0_28_1	0.972	0.757	0.336	0.600	8.768	1.099	0.374	2.554
7pr0_75_3	0.879	0.719	0.446	0.512	12.883	0.988	0.393	2.405
7pr0_54_4	0.970	0.713	0.480	0.489	12.902	1.097	0.362	2.589
7pr0_54_3	1.043	0.830	0.429	0.709	13.207	1.380	0.481	2.744
7pr0_66_1	0.919	0.728	0.297	0.508	13.346	0.832	0.252	2.413
7pr0_75_4	1.019	0.691	0.424	0.478	13.567	1.313	0.309	2.727
7pr0_97_1	0.875	0.653	0.588	0.527	11.105	0.865	0.292	2.342
7pr0_37_3	0.960	0.814	0.498	0.620	13.225	1.236	0.436	2.511
7pr0_37_4	0.985	0.867	0.662	0.679	14.253	1.751	0.562	2.494
7pr0_63_0	0.952	0.744	0.306	0.661	12.896	0.985	0.277	2.563
7pr0_39_1	0.864	0.724	0.530	0.520	11.796	0.631	0.269	2.245
7pr0_13_2	1.103	0.717	0.536	0.544	11.549	0.896	0.280	3.035
7pr0_18_1	1.097	0.830	0.312	0.863	13.679	1.634	0.446	2.836
7pr0_54_0	1.155	0.708	0.356	0.496	13.052	0.779	0.306	3.346
7pr0_66_2	1.163	0.680	0.477	0.477	11.697	0.859	0.366	3.371
7pr0_28_2	0.941	0.718	0.375	0.520	11.437	0.962	0.288	2.527
7pr0_75_0	0.881	0.670	0.329	0.450	13.376	0.805	0.297	2.403
7pr0_97_2	1.043	0.831	0.554	0.508	11.711	1.358	0.348	2.810
7pr0_37_0	0.983	0.765	0.419	0.506	10.731	1.229	0.362	2.577
7pr0_62_0	0.918	0.665	0.390	0.457	12.572	1.096	0.348	2.516
7pr0_50_2	1.226	0.750	0.455	0.603	12.406	0.946	0.230	3.518
7pr0_34_1	0.966	0.784	0.318	0.481	13.574	1.372	0.327	2.527
7pr0_80_2	1.003	0.762	0.410	0.605	12.264	0.895	0.241	2.732
7pr0_65_3	1.100	0.844	0.404	0.848	13.621	1.199	0.229	2.918
7pr0_98_3	1.009	0.713	0.323	0.703	13.791	1.068	0.245	2.732
7pr0_33_2	1.108	0.640	0.316	0.414	12.729	0.929	0.288	3.146
7pr0_6_0	1.102	0.744	0.426	0.473	12.977	1.049	0.348	3.065
7pr0_65_4	1.217	0.803	0.391	0.708	13.025	1.296	0.410	3.351
7pr0_98_4	1.048	0.845	0.490	0.541	13.129	0.982	0.250	3.031
7pr0_46_2	1.124	0.663	0.407	0.495	13.110	0.944	0.482	3.293
7pr0_52_3	0.959	0.797	0.527	0.618	5.201	1.185	0.314	2.556
7pr0_52_4	0.952	0.856	0.440	0.535	13.522	1.172	0.369	2.537
7pr0_97_3	0.974	0.922	0.598	0.533	13.312	1.085	0.206	2.602
7pr0_37_1	0.961	0.751	0.277	0.695	13.133	1.109	0.396	2.527
7pr0_97_4	0.838	0.685	0.562	0.478	12.466	0.733	0.392	2.230
7pr0_28_3	0.946	0.754	0.369	0.530	13.197	0.963	0.271	2.558
7pr0_75_1	0.847	0.839	0.509	0.675	12.733	1.665	0.579	2.148
7pr0_66_4	1.166	0.798	0.325	0.712	13.440	1.702	0.449	3.018
7pr0_54_1	1.193	0.744	0.496	0.574	12.388	1.111	0.215	3.338
7pr0_66_3	0.882	0.667	0.344	0.461	13.356	0.643	0.275	2.407
7pr0_28_4	0.958	0.665	0.525	0.520	10.578	0.739	0.253	2.618
7pr0_18_0	1.125	0.767	0.256	0.669	12.521	1.521	0.366	2.915
7pr0_13_4	1.161	0.750	0.323	0.608	12.705	1.406	0.392	3.147
7pr0_39_0	0.835	0.671	0.619	0.593	11.119	1.057	0.471	2.432
7pr0_13_3	0.960	0.698	0.489	0.531	10.127	0.959	0.252	2.564
7pr0_63_1	0.974	0.812	0.476	0.595	13.002	1.189	0.422	2.604
7pr0_52_2	0.952	0.826	0.492	0.559	13.701	1.374	0.390	2.478
7pr0_46_3	0.892	0.669	0.411	0.460	12.591	0.876	0.261	2.416
7pr0_46_4	1.118	0.710	0.562	0.598	13.689	0.994	0.234	3.177
7pr0_33_3	1.149	0.701	0.346	0.546	13.559	0.809	0.285	3.269
7pr0_6_1	1.074	0.820	0.324	0.967	13.956	2.018	0.494	2.886
7pr0_80_4	1.034	0.772	0.362	0.544	11.428	1.458	0.363	2.681
7pr0_80_3	0.953	0.788	0.431	0.626	10.002	1.181	0.408	2.523
7pr0_33_4	0.531	0.686	0.648	0.648	12.401	0.975	0.494	0.642
7pr0_98_2	1.219	0.804	0.366	0.695	12.881	1.143	0.555	3.469
7pr0_65_2	1.005	0.786	0.446	0.738	12.874	1.230	0.472	2.719
7pr0_34_0	0.991	0.778	0.447	0.577	13.294	1.514	0.339	2.534
7pr0_50_4	1.058	0.849	0.498	0.531	11.889	1.461	0.417	2.729
7pr0_62_1	1.026	0.703	0.392	0.496	12.757	0.996	0.359	2.823
7pr0_50_3	0.956	0.771	0.591	0.537	13.060	0.879	0.248	2.468
7rfb_46_1	0.464	0.596	1.059	0.649	3.393	1.019	0.584	0.491
7rfb_52_0	0.417	0.516	1.033	0.656	6.961	0.667	0.335	0.478
7rfb_62_3	0.422	0.527	0.888	0.696	5.089	0.700	0.528	0.455
7rfb_50_1	0.450	0.543	0.889	0.608	9.734	0.728	0.454	0.468
7rfb_62_4	0.524	0.663	0.846	0.597	9.314	0.987	0.496	0.527
7rfb_34_2	0.465	0.536	0.893	0.679	9.552	0.919	0.528	0.456
7rfb_65_0	0.440	0.542	1.054	0.608	4.552	0.823	0.408	0.503
7rfb_98_0	0.464	0.601	0.931	0.603	4.837	1.022	0.492	0.524
7rfb_6_2	0.462	0.577	1.019	0.564	6.429	0.797	0.476	0.429
7rfb_80_1	0.473	0.545	0.954	0.618	9.492	0.783	0.468	0.437
7rfb_33_1	0.409	0.591	1.040	0.730	8.116	0.697	0.432	0.525
7rfb_75_4	0.507	0.564	1.007	0.654	9.917	0.857	0.465	0.470
7rfb_54_3	0.473	0.628	0.807	0.548	9.754	0.916	0.451	0.413
7rfb_66_1	0.449	0.579	1.024	0.632	10.242	0.727	0.343	0.485
7rfb_54_4	0.477	0.658	1.001	0.621	2.715	0.903	0.447	0.555
7rfb_75_3	0.467	0.578	1.013	0.661	7.732	0.872	0.512	0.464
7rfb_28_1	0.525	0.563	1.015	0.662	9.103	1.220	0.406	0.454
7rfb_37_4	0.479	0.606	0.886	0.702	7.176	0.783	0.499	0.461
7rfb_37_3	0.475	0.608	0.994	0.585	8.856	0.849	0.379	0.475
7rfb_97_1	0.435	0.600	1.119	0.678	4.804	0.828	0.521	0.457
7rfb_63_3	0.451	0.606	0.939	0.625	7.493	0.842	0.436	0.507
7rfb_63_4	0.432	0.588	0.925	0.726	4.854	0.837	0.538	0.481
7rfb_13_1	0.455	0.577	0.992	0.854	6.031	0.912	0.484	0.471
7rfb_39_2	0.453	0.539	0.924	0.611	8.338	0.861	0.416	0.470
7rfb_18_2	0.469	0.535	0.987	0.602	7.665	0.821	0.402	0.474
7rfb_6_4	0.496	0.591	1.128	0.674	8.562	0.796	0.368	0.479
7rfb_33_0	0.453	0.608	1.107	0.889	6.786	0.854	0.380	0.648
7rfb_98_1	0.473	0.555	1.052	0.491	7.432	0.738	0.270	0.449
7rfb_65_1	0.462	0.604	1.016	0.513	3.922	0.761	0.471	0.477
7rfb_6_3	0.470	0.547	0.906	0.701	9.065	0.763	0.446	0.431
7rfb_80_0	0.460	0.718	1.198	0.984	5.505	1.151	0.852	0.466
7rfb_34_3	0.465	0.568	0.911	0.741	7.016	0.969	0.366	0.510
7rfb_62_2	0.451	0.628	0.943	0.849	7.957	0.907	0.594	0.530
7rfb_50_0	0.446	0.647	1.106	0.700	2.736	0.678	0.453	0.579
7rfb_34_4	0.417	0.596	1.029	0.645	5.738	0.871	0.374	0.469
7rfb_52_1	0.427	0.523	1.040	0.588	6.048	0.823	0.439	0.499
7rfb_46_0	0.517	0.556	0.874	0.619	9.715	1.122	0.526	0.458
7rfb_39_4	0.470	0.556	0.945	0.591	5.724	0.854	0.500	0.420
7rfb_18_3	0.449	0.560	0.925	0.604	4.559	0.849	0.576	0.447
7rfb_18_4	0.448	0.593	0.838	0.575	8.714	0.727	0.427	0.498
7rfb_13_0	0.462	0.560	0.925	0.633	4.508	0.999	0.482	0.451
7rfb_39_3	0.456	0.579	1.054	0.575	4.876	0.622	0.412	0.936
7rfb_63_2	0.459	0.588	1.068	0.553	4.725	0.768	0.416	0.530
7rfb_37_2	0.499	0.625	0.982	0.588	8.217	0.881	0.425	0.484
7rfb_97_0	0.438	0.646	1.155	0.736	2.055	0.730	0.539	0.499
7rfb_75_2	0.491	0.562	0.983	0.789	7.376	0.930	0.358	0.466
7rfb_28_0	0.465	0.616	1.040	0.758	8.059	0.821	0.444	0.522
7rfb_54_2	0.463	0.591	1.064	0.691	8.070	0.789	0.410	0.513
7rfb_66_0	0.464	0.600	1.024	0.477	3.302	0.875	0.502	0.507
7rfb_13_3	0.412	0.572	0.956	0.402	5.828	0.811	0.346	0.505
7rfb_39_0	0.448	0.575	0.924	0.688	9.868	0.846	0.439	0.495
7rfb_18_0	0.442	0.594	1.057	0.824	4.692	0.702	0.466	0.505
7rfb_13_4	0.463	0.643	1.039	0.684	5.131	0.903	0.506	0.531
7rfb_63_1	0.441	0.564	1.027	0.620	7.209	0.772	0.434	0.501
7rfb_97_4	0.496	0.616	1.026	0.599	2.307	0.859	0.538	0.468
7rfb_37_1	0.478	0.573	0.930	0.627	9.456	0.816	0.455	0.453
7rfb_97_3	0.452	0.618	1.150	0.678	3.820	0.693	0.369	0.531
7rfb_28_4	0.458	0.609	1.185	0.718	7.859	0.629	0.345	0.517
7rfb_54_1	0.490	0.685	1.146	0.560	5.840	0.973	0.266	0.577
7rfb_66_3	0.437	0.549	0.903	0.543	7.754	0.699	0.412	0.477
7rfb_66_4	0.431	0.581	0.935	0.708	7.134	0.926	0.502	0.471
7rfb_75_1	0.457	0.661	1.075	0.783	6.080	1.006	0.595	0.524
7rfb_28_3	0.490	0.590	0.902	0.567	9.792	0.959	0.406	0.536
7rfb_65_2	0.462	0.626	0.957	0.519	7.631	0.860	0.445	0.575
7rfb_98_2	0.441	0.613	0.952	0.702	5.921	0.768	0.404	0.510
7rfb_33_4	0.487	0.668	1.109	0.707	7.529	1.042	0.549	0.503
7rfb_6_0	0.438	0.503	1.052	0.738	9.183	0.702	0.489	0.470
7rfb_80_3	0.436	0.537	0.986	0.596	6.045	1.029	0.625	0.448
7rfb_80_4	0.470	0.585	0.947	0.654	6.107	0.782	0.549	0.460
7rfb_33_3	0.454	0.660	0.965	0.829	6.779	0.927	0.679	0.501
7rfb_62_1	0.445	0.618	1.103	0.823	5.606	0.799	0.448	0.515
7rfb_50_3	0.443	0.949	1.381	0.810	8.145	0.817	0.322	0.732
7rfb_50_4	0.480	0.542	0.907	0.542	3.977	0.903	0.477	0.434
7rfb_34_0	0.447	0.640	1.178	0.787	5.200	0.781	0.348	0.595
7rfb_52_2	0.421	0.621	1.154	0.760	3.359	0.730	0.511	0.545
7rfb_46_4	0.506	0.607	0.855	0.619	8.097	0.913	0.393	0.505
7rfb_46_3	0.499	0.627	0.948	0.692	8.842	0.895	0.471	0.535
7rfb_75_0	0.482	0.598	0.995	0.691	10.118	1.010	0.521	0.495
7rfb_28_2	0.506	0.595	1.188	0.750	7.588	0.929	0.519	0.505
7rfb_54_0	0.510	0.549	0.859	0.579	8.266	1.130	0.404	0.500
7rfb_66_2	0.466	0.625	1.393	0.846	4.410	0.781	0.445	0.519
7rfb_37_0	0.497	0.538	0.959	0.764	9.621	1.028	0.594	0.504
7rfb_97_2	0.446	0.547	0.946	0.596	5.406	0.868	0.467	0.429
7rfb_63_0	0.450	0.497	0.917	0.509	5.107	0.824	0.401	0.435
7rfb_18_1	0.425	0.546	0.949	0.599	7.876	0.696	0.484	0.487
7rfb_13_2	0.490	0.553	0.852	0.581	9.657	0.899	0.367	0.465
7rfb_39_1	0.465	0.536	0.876	0.492	6.837	0.793	0.458	0.435
7rfb_46_2	0.475	0.590	1.001	0.779	2.843	0.754	0.556	0.495
7rfb_52_4	0.463	0.687	0.972	0.748	6.848	0.755	0.487	0.502
7rfb_52_3	0.424	0.553	1.014	0.636	4.547	0.766	0.520	0.446
7rfb_34_1	0.499	0.597	0.887	0.590	10.010	0.898	0.417	0.472
7rfb_62_0	0.458	0.580	0.939	0.612	9.243	0.753	0.472	0.516
7rfb_50_2	0.457	0.560	0.849	0.642	5.647	0.807	0.492	0.426
7rfb_98_4	0.480	0.522	0.924	0.529	8.634	1.064	0.374	0.488
7rfb_65_4	0.516	0.608	0.925	0.480	7.510	1.176	0.542	0.495
7rfb_33_2	0.442	0.584	1.007	0.785	4.780	0.822	0.606	0.451
7rfb_98_3	0.477	0.652	1.113	0.687	5.134	0.869	0.413	0.610
7rfb_65_3	0.472	0.541	0.938	0.713	9.494	0.890	0.516	0.445
7rfb_6_1	0.464	0.614	0.907	0.646	8.672	0.813	0.517	0.508
7rfb_80_2	0.447	0.624	0.916	0.816	7.693	0.784	0.499	0.473
